{"type":"FeatureCollection", "features": [
{"type":"Feature","geometry":{"type":"MultiPolygon","coordinates":[[[[-114.8194,32.4994],[-114.906,32.4917],[-114.9453,32.4628],[-114.9686,32.416],[-114.9817,32.3415],[-115.0397,32.2772],[-114.984,32.2125],[-114.9559,32.1416],[-114.9794,32.074],[-114.9516,32.0557],[-114.9333,32.005],[-114.9336,31.9088],[-114.8426,31.8615],[-114.7936,31.8166],[-114.747,31.81],[-114.6772,31.7641],[-114.5847,31.7608],[-114.4943,31.6774],[-114.3275,31.5947],[-114.2878,31.5524],[-114.159,31.4945],[-114.0289,31.4915],[-113.9629,31.5629],[-113.9799,31.5959],[-113.8849,31.6147],[-113.8757,31.5967],[-113.804,31.5644],[-113.7746,31.5633],[-113.6596,31.4975],[-113.6347,31.4656],[-113.6358,31.4349],[-113.6093,31.3529],[-113.6223,31.3256],[-113.5585,31.3156],[-113.5489,31.2957],[-113.2784,31.2506],[-113.276,31.2783],[-113.2329,31.288],[-113.197,31.2252],[-113.1387,31.1955],[-113.1169,31.2176],[-113.0487,31.1567],[-113.0559,31.0307],[-113.0999,30.9792],[-113.0999,30.9068],[-113.1109,30.8433],[-113.1288,30.8124],[-113.0799,30.6704],[-112.9865,30.5324],[-112.9154,30.4751],[-112.8707,30.4285],[-112.8477,30.3613],[-112.8486,30.2885],[-112.7643,30.2115],[-112.7532,30.1859],[-112.7588,30.0592],[-112.7305,30.0134],[-112.7515,29.9243],[-112.7296,29.903],[-112.6863,29.9078],[-112.6583,29.8835],[-112.6379,29.8259],[-112.5958,29.7713],[-112.5802,29.718],[-112.5359,29.6882],[-112.506,29.6169],[-112.432,29.5612],[-112.4305,29.5202],[-112.3778,29.4857],[-112.3778,29.4628],[-112.4198,29.3759],[-112.4112,29.3447],[-112.3568,29.3188],[-112.2635,29.33],[-112.2395,29.3153],[-112.2114,29.2528],[-112.227,29.1884],[-112.1911,29.1669],[-112.1649,29.1099],[-112.1839,29.0842],[-112.1507,28.963],[-112.1055,28.9574],[-112.0468,28.8959],[-112.0303,28.8614],[-111.9673,28.8413],[-111.8944,28.7807],[-111.9494,28.7565],[-111.9204,28.72],[-111.7606,28.584],[-111.7084,28.4601],[-111.5862,28.4154],[-111.4735,28.381],[-111.4388,28.3085],[-111.3941,28.2738],[-111.3728,28.2177],[-111.3404,28.2053],[-111.3326,28.1604],[-111.3004,28.1293],[-111.2507,28.052],[-111.2205,28.0443],[-111.1718,27.9901],[-111.1426,27.9841],[-111.0591,27.937],[-110.9993,27.9641],[-110.9385,27.9204],[-110.8863,27.8389],[-110.8628,27.8763],[-110.8559,27.9793],[-110.8271,27.9829],[-110.8082,27.9278],[-110.671,27.8984],[-110.6238,27.873],[-110.5917,27.8875],[-110.5333,27.866],[-110.5866,27.8371],[-110.6033,27.7932],[-110.589,27.7224],[-110.617,27.6575],[-110.6267,27.6085],[-110.5888,27.5119],[-110.5874,27.4494],[-110.5585,27.4344],[-110.5548,27.3848],[-110.4997,27.3934],[-110.4256,27.3019],[-110.4648,27.2833],[-110.4037,27.2454],[-110.3367,27.1721],[-110.2876,27.1484],[-110.0908,27.1027],[-110.0623,27.0817],[-110.0315,27.1134],[-109.9822,27.1151],[-109.917,27.0601],[-109.9112,26.952],[-109.8716,26.8708],[-109.8563,26.801],[-109.8315,26.7657],[-109.7684,26.7065],[-109.6944,26.6782],[-109.6046,26.6966],[-109.5306,26.6842],[-109.5499,26.728],[-109.4414,26.7146],[-109.4285,26.6719],[-109.3579,26.5974],[-109.3142,26.5687],[-109.2557,26.498],[-109.239,26.4195],[-109.253,26.3491],[-109.2117,26.3649],[-109.1567,26.3642],[-109.1393,26.3318],[-109.1301,26.3485],[-109.0032,26.4356],[-108.8052,26.5783],[-108.5074,26.8016],[-108.4988,26.8802],[-108.4665,26.9799],[-108.5026,27.0293],[-108.5498,27.0241],[-108.5738,27.0433],[-108.6775,27.1834],[-108.6816,27.2519],[-108.6374,27.3138],[-108.6656,27.3931],[-108.6526,27.4706],[-108.67,27.5379],[-108.7362,27.5794],[-108.7786,27.622],[-108.7625,27.675],[-108.8713,27.757],[-108.9063,27.8362],[-109.0018,27.8848],[-109.0207,27.9071],[-109.1456,28.1775],[-109.1437,28.2169],[-109.0692,28.2764],[-108.9742,28.2912],[-108.8799,28.2891],[-108.6573,28.2401],[-108.6258,28.2449],[-108.5402,28.3201],[-108.5488,28.3603],[-108.6026,28.4888],[-108.6457,28.6077],[-108.6454,28.6339],[-108.6104,28.7427],[-108.624,28.7711],[-108.6745,29.1474],[-108.7078,29.4008],[-108.6133,29.4076],[-108.571,29.8548],[-108.5555,29.9985],[-108.5368,30.0386],[-108.5835,30.5066],[-108.5994,30.5371],[-108.6947,30.6002],[-108.7997,30.6362],[-109.0274,30.8004],[-109.0432,30.8285],[-109.0038,31.0768],[-108.9683,31.3274],[-109.5818,31.3273],[-109.9663,31.3272],[-110.5216,31.3272],[-111.0063,31.3272],[-111.0671,31.3336],[-111.5062,31.475],[-111.9155,31.6014],[-112.3247,31.728],[-112.734,31.8545],[-113.1432,31.981],[-113.5524,32.1076],[-113.9617,32.2341],[-114.3709,32.3607],[-114.8194,32.4994]]],[[[-112.2747,28.7684],[-112.2762,28.8055],[-112.2377,28.8763],[-112.1956,29.0213],[-112.2353,29.0957],[-112.2727,29.1377],[-112.2636,29.1928],[-112.2816,29.2255],[-112.3627,29.2177],[-112.4015,29.1894],[-112.4387,29.2021],[-112.4803,29.1549],[-112.5004,29.0756],[-112.5002,28.9904],[-112.4859,28.9716],[-112.5261,28.9088],[-112.583,28.8754],[-112.4672,28.8194],[-112.4128,28.8001],[-112.382,28.7738],[-112.3262,28.7627],[-112.2747,28.7684]]],[[[-114.7861,31.803],[-114.7982,31.7567],[-114.7626,31.7156],[-114.7156,31.6952],[-114.6695,31.7209],[-114.7552,31.7978],[-114.7861,31.803]]],[[[-109.2314,26.2634],[-109.1563,26.3081],[-109.1969,26.3438],[-109.2254,26.3345],[-109.2314,26.2634]]]]},"properties":{"nombre":"Sonora","clave":"MX-SON"}},
{"type":"Feature","geometry":{"type":"MultiPolygon","coordinates":[[[[-114.8194,32.4994],[-114.7955,32.5522],[-114.8027,32.5945],[-114.7512,32.6522],[-114.7243,32.7128],[-115.2793,32.6708],[-115.7941,32.632],[-116.5295,32.5763],[-117.1251,32.5317],[-117.1184,32.4545],[-117.025,32.2769],[-116.9483,32.247],[-116.9227,32.2194],[-116.8869,32.132],[-116.8753,32.0345],[-116.8423,31.9865],[-116.7699,31.9778],[-116.7548,31.9096],[-116.6947,31.89],[-116.6764,31.8688],[-116.6197,31.8576],[-116.61,31.8226],[-116.6196,31.7717],[-116.6613,31.7234],[-116.7088,31.7442],[-116.7153,31.711],[-116.6685,31.697],[-116.6481,31.6592],[-116.6756,31.5526],[-116.6091,31.5014],[-116.5959,31.4779],[-116.5301,31.4403],[-116.4976,31.4068],[-116.4541,31.3385],[-116.3415,31.2196],[-116.3094,31.1485],[-116.3354,30.9563],[-116.2497,30.9568],[-116.1758,30.8601],[-116.1521,30.8578],[-116.1056,30.8188],[-116.068,30.8132],[-116.0369,30.7302],[-116.0311,30.6271],[-116.0493,30.4796],[-116.0045,30.3592],[-115.9754,30.4013],[-115.9329,30.4002],[-115.8373,30.3465],[-115.8073,30.2841],[-115.7983,30.2403],[-115.8019,30.1431],[-115.7833,30.0926],[-115.8112,29.968],[-115.7289,29.9351],[-115.6999,29.898],[-115.6858,29.8306],[-115.6976,29.7558],[-115.6221,29.6953],[-115.5937,29.6922],[-115.5361,29.6352],[-115.4986,29.6114],[-115.452,29.6201],[-115.3714,29.557],[-115.2857,29.5299],[-115.2323,29.4901],[-115.1871,29.4286],[-115.1042,29.4189],[-114.972,29.3778],[-114.7853,29.1942],[-114.7438,29.1876],[-114.722,29.1175],[-114.6314,29.0945],[-114.6025,29.0303],[-114.5916,28.9654],[-114.5612,28.9804],[-114.5299,28.9255],[-114.4766,28.9291],[-114.4023,28.8602],[-114.348,28.7639],[-114.3469,28.7308],[-114.3141,28.7263],[-114.2753,28.6962],[-114.2718,28.6588],[-114.184,28.6619],[-114.1658,28.647],[-114.1601,28.5662],[-114.1104,28.5618],[-114.0682,28.518],[-114.0715,28.4869],[-114.0426,28.4584],[-114.0812,28.343],[-114.1249,28.2557],[-114.0699,28.2394],[-114.0575,28.2063],[-114.1131,28.1204],[-114.0997,28.0551],[-114.07,28.0551],[-114.0397,28.0277],[-114.0628,28.0005],[-113.6549,28.0012],[-113.1151,28.0003],[-112.7636,27.9994],[-112.7994,28.0174],[-112.7896,28.0675],[-112.8118,28.1205],[-112.7938,28.1903],[-112.8721,28.2837],[-112.8703,28.3308],[-112.8495,28.3823],[-112.8678,28.4323],[-112.9024,28.4753],[-113.0016,28.4556],[-113.103,28.5046],[-113.1316,28.6046],[-113.1324,28.6413],[-113.156,28.6576],[-113.1942,28.744],[-113.196,28.7921],[-113.2341,28.8356],[-113.2604,28.8401],[-113.31,28.8021],[-113.3545,28.8003],[-113.3791,28.9002],[-113.4288,28.9347],[-113.4787,28.9462],[-113.4815,28.8934],[-113.5249,28.8916],[-113.5579,28.9483],[-113.5469,28.959],[-113.5617,29.0237],[-113.5359,29.0514],[-113.6084,29.1634],[-113.6414,29.1838],[-113.6566,29.2184],[-113.6231,29.2527],[-113.6363,29.2822],[-113.6808,29.316],[-113.7709,29.4078],[-113.8327,29.4352],[-113.9431,29.5248],[-113.9813,29.5679],[-114.0463,29.5964],[-114.0627,29.6293],[-114.1124,29.6561],[-114.2003,29.7274],[-114.2085,29.7448],[-114.2712,29.7721],[-114.297,29.7424],[-114.3395,29.7447],[-114.3922,29.783],[-114.4277,29.9073],[-114.4727,29.919],[-114.4813,29.9473],[-114.5331,29.968],[-114.5814,30.0511],[-114.5804,30.0726],[-114.6603,30.1833],[-114.6401,30.2638],[-114.6509,30.277],[-114.6295,30.4248],[-114.6306,30.4949],[-114.6496,30.5546],[-114.6985,30.6372],[-114.7055,30.7117],[-114.6872,30.745],[-114.7203,30.9411],[-114.8035,30.9766],[-114.8324,31.0067],[-114.8135,31.05],[-114.8639,31.0897],[-114.8887,31.1629],[-114.8726,31.2727],[-114.8752,31.3287],[-114.8523,31.3894],[-114.8529,31.5266],[-114.824,31.6004],[-114.7806,31.6558],[-114.816,31.7191],[-114.828,31.7898],[-114.87,31.8399],[-114.9362,31.8848],[-114.9336,31.9088],[-114.9333,32.005],[-114.9516,32.0557],[-114.9794,32.074],[-114.9559,32.1416],[-114.984,32.2125],[-115.0397,32.2772],[-114.9817,32.3415],[-114.9686,32.416],[-114.9453,32.4628],[-114.906,32.4917],[-114.8194,32.4994]]],[[[-115.195,28.3414],[-115.2149,28.3783],[-115.2486,28.3593],[-115.2625,28.2988],[-115.2398,28.2336],[-115.334,28.1249],[-115.2618,28.0701],[-115.254,28.0403],[-115.2063,28.0379],[-115.1821,28.0702],[-115.1858,28.1062],[-115.1627,28.1296],[-115.1555,28.1707],[-115.1723,28.2126],[-115.1627,28.2613],[-115.195,28.3414]]],[[[-112.6131,28.7258],[-112.6009,28.677],[-112.5539,28.6723],[-112.548,28.7285],[-112.6131,28.7258]]],[[[-113.1382,29.0649],[-113.1743,29.1292],[-113.1714,29.2261],[-113.1828,29.2897],[-113.2557,29.2854],[-113.3456,29.2958],[-113.3703,29.31],[-113.3731,29.3612],[-113.3498,29.3841],[-113.3952,29.4593],[-113.4768,29.5321],[-113.5491,29.5331],[-113.5884,29.4568],[-113.5891,29.4096],[-113.5046,29.3166],[-113.4961,29.2852],[-113.4501,29.2797],[-113.431,29.2428],[-113.354,29.1707],[-113.3007,29.1451],[-113.2295,29.0596],[-113.1148,28.9845],[-113.1021,29.0531],[-113.1382,29.0649]]],[[[-114.207,28],[-114.1475,28.0002],[-114.1172,28.0432],[-114.1344,28.0839],[-114.207,28]]],[[[-118.2515,29.0894],[-118.2862,29.1364],[-118.2559,29.1809],[-118.2963,29.1862],[-118.3568,29.1495],[-118.3688,29.1144],[-118.3555,29.067],[-118.3235,29.04],[-118.3043,28.998],[-118.2836,28.8926],[-118.2514,28.8845],[-118.2258,28.9151],[-118.2205,29.0152],[-118.2296,29.0617],[-118.2515,29.0894]]]]},"properties":{"nombre":"Baja California","clave":"MX-BCN"}},
{"type":"Feature","geometry":{"type":"Polygon","coordinates":[[[-103.3115,29.026],[-103.3426,29.0412],[-103.3721,29.0237],[-103.4785,29.0821],[-103.5417,29.1488],[-103.6731,29.1736],[-103.7777,29.2353],[-103.7942,29.2776],[-103.9281,29.293],[-104.0573,29.339],[-104.1054,29.3857],[-104.1398,29.4006],[-104.1945,29.4489],[-104.2123,29.4847],[-104.2672,29.5266],[-104.349,29.5376],[-104.444,29.5892],[-104.4552,29.6134],[-104.5308,29.6679],[-104.5703,29.7875],[-104.6197,29.8331],[-104.6376,29.888],[-104.6805,29.9423],[-104.6991,30.0315],[-104.6846,30.1111],[-104.6816,30.1929],[-104.7152,30.244],[-104.7494,30.2645],[-104.8183,30.3805],[-104.8533,30.4122],[-104.8524,30.4389],[-104.8866,30.5519],[-104.9411,30.6141],[-104.9828,30.6207],[-105.0085,30.677],[-105.087,30.7098],[-105.1336,30.7579],[-105.2293,30.8102],[-105.3638,30.8504],[-105.4155,30.9025],[-105.556,31.0026],[-105.5909,31.0714],[-105.668,31.1279],[-105.7682,31.18],[-105.7848,31.211],[-105.862,31.2884],[-105.9281,31.3265],[-105.9612,31.371],[-106.0047,31.3969],[-106.0653,31.411],[-106.1643,31.4478],[-106.2092,31.4773],[-106.2327,31.5199],[-106.2863,31.5801],[-106.3123,31.6486],[-106.3585,31.7175],[-106.429,31.7585],[-106.4731,31.7551],[-106.5172,31.7738],[-106.9212,31.7747],[-107.2835,31.7755],[-107.8011,31.7768],[-108.2151,31.7778],[-108.2148,31.3274],[-108.6848,31.3274],[-108.9683,31.3274],[-109.0038,31.0768],[-109.0432,30.8285],[-109.0274,30.8004],[-108.7997,30.6362],[-108.6947,30.6002],[-108.5994,30.5371],[-108.5835,30.5066],[-108.5368,30.0386],[-108.5555,29.9985],[-108.571,29.8548],[-108.6133,29.4076],[-108.7078,29.4008],[-108.6745,29.1474],[-108.624,28.7711],[-108.6104,28.7427],[-108.6454,28.6339],[-108.6457,28.6077],[-108.6026,28.4888],[-108.5488,28.3603],[-108.5402,28.3201],[-108.6258,28.2449],[-108.6573,28.2401],[-108.8799,28.2891],[-108.9742,28.2912],[-109.0692,28.2764],[-109.1437,28.2169],[-109.1456,28.1775],[-109.0207,27.9071],[-109.0018,27.8848],[-108.9063,27.8362],[-108.8713,27.757],[-108.7625,27.675],[-108.7786,27.622],[-108.7362,27.5794],[-108.67,27.5379],[-108.6526,27.4706],[-108.6656,27.3931],[-108.6374,27.3138],[-108.6816,27.2519],[-108.6775,27.1834],[-108.5738,27.0433],[-108.5498,27.0241],[-108.5026,27.0293],[-108.4665,26.9799],[-108.3743,27.0774],[-108.3389,27.0511],[-108.2895,27.0546],[-108.2541,27.041],[-108.1973,26.9708],[-108.1487,26.9504],[-108.0451,26.9309],[-108.0138,26.8984],[-108.0148,26.8464],[-107.9996,26.8146],[-107.9144,26.7049],[-107.8531,26.6464],[-107.8351,26.5996],[-107.8164,26.4258],[-107.7854,26.2156],[-107.7589,26.195],[-107.4141,26.1298],[-107.3612,26.1065],[-107.3438,26.0838],[-107.3138,25.9658],[-107.2805,25.9493],[-107.2594,25.8693],[-107.1757,25.8299],[-107.1267,25.7931],[-107.0758,25.7294],[-106.9369,25.6416],[-106.7592,25.6203],[-106.7209,25.6332],[-106.5445,25.7799],[-106.5326,25.8095],[-106.5249,25.9928],[-106.4799,26.0376],[-106.4265,26.0391],[-106.3993,26.0683],[-106.3783,26.1315],[-106.3815,26.2031],[-106.4273,26.3013],[-106.4322,26.3618],[-106.4015,26.381],[-106.2272,26.4292],[-106.1957,26.4453],[-106.1947,26.4787],[-106.2248,26.5597],[-106.1698,26.6126],[-106.1579,26.7421],[-106.1146,26.761],[-106.092,26.7349],[-106.0275,26.8386],[-105.8494,26.7146],[-105.8085,26.6933],[-105.6804,26.6989],[-105.5976,26.6032],[-105.5559,26.5728],[-105.3275,26.4595],[-105.3084,26.4621],[-105.1168,26.5524],[-105.0435,26.4682],[-105.0264,26.4595],[-104.988,26.5036],[-104.9414,26.5036],[-104.8333,26.4868],[-104.7768,26.4695],[-104.6721,26.4115],[-104.5978,26.351],[-104.557,26.3405],[-104.5198,26.3715],[-104.3389,26.5917],[-104.2346,26.7232],[-104.1912,26.7549],[-104.1156,26.7731],[-104.0104,26.7769],[-103.9415,26.7604],[-103.6273,26.6439],[-103.737,27.0619],[-103.8922,27.6401],[-103.9635,27.9189],[-103.8876,28.0399],[-103.7613,28.2537],[-103.6398,28.4652],[-103.3923,28.8835],[-103.3115,29.026]]]},"properties":{"nombre":"Chihuahua","clave":"MX-CHH"}},
{"type":"Feature","geometry":{"type":"Polygon","coordinates":[[[-99.807,27.7714],[-99.8634,27.8047],[-99.8619,27.8361],[-99.8913,27.876],[-99.8788,27.9018],[-100.0006,28.0204],[-100.0176,28.0709],[-100.0451,28.0953],[-100.0749,28.1544],[-100.1976,28.2072],[-100.2059,28.2429],[-100.2407,28.2497],[-100.2843,28.2965],[-100.2786,28.3311],[-100.3226,28.3869],[-100.3516,28.4967],[-100.3842,28.5372],[-100.3971,28.5927],[-100.4462,28.6265],[-100.4449,28.6438],[-100.4939,28.7084],[-100.5191,28.805],[-100.5662,28.8698],[-100.6243,28.9247],[-100.6289,28.9843],[-100.669,29.1162],[-100.7625,29.1738],[-100.7621,29.2087],[-100.8161,29.2708],[-100.8639,29.2906],[-100.9147,29.337],[-100.9874,29.3663],[-101.0162,29.3901],[-101.0378,29.4601],[-101.1636,29.5013],[-101.2265,29.5545],[-101.219,29.6103],[-101.2588,29.6202],[-101.3122,29.5979],[-101.3011,29.6495],[-101.3644,29.6767],[-101.4093,29.7658],[-101.4709,29.7915],[-101.5218,29.7659],[-101.554,29.7967],[-101.6322,29.7757],[-101.7945,29.7959],[-101.806,29.8119],[-101.8874,29.8123],[-101.9296,29.7977],[-101.9722,29.8182],[-102.1093,29.8021],[-102.2037,29.8461],[-102.2534,29.8553],[-102.3022,29.8894],[-102.3745,29.8481],[-102.3801,29.8114],[-102.4061,29.7773],[-102.5153,29.7847],[-102.6212,29.7473],[-102.6835,29.7437],[-102.7613,29.6034],[-102.7797,29.5923],[-102.8411,29.4383],[-102.8377,29.3663],[-102.8831,29.3438],[-102.8994,29.2761],[-102.8969,29.2203],[-102.9423,29.1902],[-102.9884,29.1771],[-103.0158,29.1268],[-103.0808,29.0852],[-103.1047,29.0579],[-103.1228,28.9965],[-103.148,28.9851],[-103.2418,29.0035],[-103.3015,29.0024],[-103.3115,29.026],[-103.3923,28.8835],[-103.6398,28.4652],[-103.7613,28.2537],[-103.8876,28.0399],[-103.9635,27.9189],[-103.8922,27.6401],[-103.737,27.0619],[-103.6273,26.6439],[-103.3257,26.4087],[-103.2849,26.3637],[-103.2696,26.3129],[-103.2813,26.2624],[-103.3289,26.1724],[-103.3453,26.1239],[-103.3474,26.0216],[-103.3252,25.8328],[-103.3202,25.6987],[-103.4182,25.5878],[-103.4878,25.5409],[-103.4836,25.4853],[-103.4249,25.4275],[-103.4615,25.4008],[-103.4945,25.3524],[-103.5092,25.2978],[-103.498,25.2683],[-103.452,25.2328],[-103.388,25.1406],[-103.2753,25.0721],[-103.2596,25.0407],[-103.2515,24.923],[-103.2262,24.8872],[-103.1395,24.8478],[-102.9719,24.8067],[-102.9096,24.7757],[-102.8431,24.7283],[-102.8385,24.8987],[-102.8158,24.9044],[-102.6682,25.0789],[-102.634,25.1163],[-102.5824,25.1251],[-102.1734,25.163],[-101.8607,25.0756],[-101.8426,25.0587],[-101.7939,24.9651],[-101.7678,24.9381],[-101.6921,24.9093],[-101.6527,24.9109],[-101.5908,24.8824],[-101.5744,24.8069],[-101.6543,24.8258],[-101.6172,24.7571],[-101.4617,24.7493],[-101.4242,24.7623],[-101.3442,24.838],[-101.3416,24.8119],[-101.2646,24.8229],[-101.1969,24.7965],[-101.1471,24.7345],[-101.1213,24.6688],[-101.0966,24.641],[-101.0171,24.6023],[-100.9252,24.6117],[-100.8284,24.565],[-100.7723,24.7501],[-100.7734,24.8203],[-100.7962,24.8935],[-100.7316,24.9624],[-100.7762,25.0115],[-100.8355,25.0413],[-100.8227,25.0794],[-100.7706,25.1473],[-100.6573,25.2118],[-100.5961,25.2295],[-100.5288,25.2294],[-100.4271,25.1985],[-100.3803,25.1929],[-100.3337,25.2058],[-100.2596,25.2091],[-100.2632,25.2497],[-100.2118,25.2916],[-100.3035,25.3449],[-100.412,25.3524],[-100.4518,25.3413],[-100.4989,25.3975],[-100.5723,25.4139],[-100.6277,25.4764],[-100.6964,25.5058],[-100.6648,25.5299],[-100.5709,25.4983],[-100.5817,25.5461],[-100.6362,25.5569],[-100.6566,25.6096],[-100.7211,25.6172],[-100.7563,25.6457],[-100.8071,25.7122],[-100.8463,25.7853],[-100.8529,25.8581],[-100.8477,25.9569],[-100.9233,26.0001],[-100.9347,26.0817],[-100.9903,26.1498],[-101.0389,26.157],[-101.0733,26.1981],[-101.0855,26.2485],[-101.1087,26.2834],[-101.2157,26.373],[-100.7526,26.7319],[-100.7115,26.6173],[-100.6428,26.6754],[-100.6092,26.7164],[-100.587,26.7646],[-100.5558,26.8675],[-100.5534,27.0326],[-100.579,27.0631],[-100.6339,27.0709],[-100.6717,27.0981],[-100.7152,27.0196],[-100.7996,27.0597],[-100.8154,27.1803],[-100.802,27.2119],[-100.6782,27.2817],[-100.6275,27.3279],[-100.5118,27.3657],[-100.486,27.3448],[-100.4352,27.3797],[-100.3847,27.6023],[-100.3582,27.6742],[-100.331,27.7006],[-100.1819,27.7935],[-100.0001,27.6562],[-99.9672,27.6402],[-99.807,27.7714]]]},"properties":{"nombre":"Coahuila","clave":"MX-COA"}},
{"type":"Feature","geometry":{"type":"Polygon","coordinates":[[[-99.7107,27.6701],[-99.8147,27.6258],[-99.9099,27.5722],[-99.9036,27.4998],[-99.7779,27.4819],[-99.7564,27.4505],[-99.7402,27.3834],[-99.7119,27.1996],[-99.6826,27.1685],[-99.68,27.1352],[-99.728,26.9931],[-99.7319,26.9323],[-99.7004,26.8963],[-99.6301,26.8839],[-99.5626,26.835],[-99.6045,26.7804],[-99.6097,26.7322],[-99.6529,26.6839],[-99.571,26.6865],[-99.4458,26.6419],[-99.4132,26.6241],[-99.3838,26.569],[-99.3917,26.5127],[-99.4229,26.4644],[-99.4197,26.3992],[-99.3918,26.3656],[-99.3469,26.3934],[-99.2545,26.2948],[-99.1732,26.2793],[-99.1615,26.2038],[-99.1522,26.084],[-99.1331,26.0567],[-99.0585,26.0983],[-99.0199,26.0929],[-98.8888,25.9708],[-98.8461,26.0445],[-98.8101,26.0601],[-98.5689,25.9974],[-98.5557,25.9713],[-98.5547,25.6221],[-98.561,25.5026],[-98.5395,25.4725],[-98.4498,25.4687],[-98.4457,25.4246],[-98.4911,25.3867],[-98.8687,25.0988],[-98.9556,25.0697],[-99.0027,25.0802],[-99.0338,25.1196],[-99.1065,25.0489],[-99.1453,25.052],[-99.1425,25.013],[-99.1851,24.9955],[-99.1476,24.9568],[-99.1476,24.9347],[-99.193,24.878],[-99.1639,24.7758],[-99.2421,24.7988],[-99.294,24.8267],[-99.3257,24.7961],[-99.4147,24.7792],[-99.442,24.7507],[-99.4785,24.7398],[-99.5,24.6743],[-99.5473,24.6458],[-99.587,24.6585],[-99.6506,24.6391],[-99.7368,24.5697],[-99.71,24.4725],[-99.6063,24.5125],[-99.5763,24.38],[-99.5751,24.3447],[-99.611,24.2205],[-99.6165,24.1377],[-99.5928,24.0651],[-99.4637,23.9574],[-99.4517,23.8916],[-99.5022,23.8904],[-99.5997,23.7668],[-99.8401,23.7408],[-99.8988,23.6468],[-99.9521,23.5277],[-99.906,23.3751],[-100.0429,23.4153],[-100.1256,23.3562],[-100.055,23.3138],[-100.0573,23.2411],[-100.0893,23.1208],[-100.0221,23.1705],[-100.0063,23.1653],[-99.9887,23.0922],[-99.9147,23.0178],[-99.9158,22.9574],[-99.9548,22.9204],[-100.0237,22.8934],[-100.0398,22.8683],[-99.9874,22.7773],[-99.6557,22.6537],[-99.5545,22.621],[-99.5275,22.6514],[-99.5478,22.7283],[-99.4988,22.7052],[-99.4489,22.6458],[-99.4171,22.6393],[-99.3792,22.6834],[-99.3152,22.5797],[-99.2785,22.502],[-99.2484,22.4589],[-99.2065,22.438],[-99.1299,22.427],[-98.9394,22.3723],[-98.8579,22.3604],[-98.8124,22.3625],[-98.7653,22.4057],[-98.6739,22.4206],[-98.6563,22.4429],[-98.6162,22.4186],[-98.5136,22.4353],[-98.4392,22.4327],[-98.3637,22.4009],[-98.2977,22.4066],[-98.2898,22.4668],[-98.2557,22.4586],[-98.1977,22.4805],[-98.1619,22.4278],[-98.0928,22.3726],[-97.963,22.3495],[-97.8952,22.3076],[-97.9128,22.2674],[-97.8628,22.2198],[-97.7819,22.2733],[-97.8091,22.3403],[-97.8201,22.4333],[-97.85,22.5346],[-97.8301,22.6164],[-97.8701,22.5877],[-97.8894,22.6254],[-97.8551,22.6986],[-97.8358,22.7612],[-97.7948,22.8083],[-97.7423,22.9721],[-97.7685,23.2601],[-97.7581,23.4404],[-97.7418,23.5364],[-97.7222,23.7393],[-97.7589,23.769],[-97.7252,23.8057],[-97.7167,24.0081],[-97.6514,24.5159],[-97.5552,24.8476],[-97.459,25.1794],[-97.3194,25.39],[-97.2615,25.4995],[-97.1652,25.7233],[-97.1573,25.7895],[-97.1675,25.8286],[-97.1393,25.9658],[-97.2531,25.9635],[-97.2876,25.9287],[-97.3284,25.9333],[-97.3551,25.9128],[-97.3457,25.8522],[-97.4254,25.8549],[-97.4483,25.8923],[-97.5203,25.9128],[-97.5943,25.9664],[-97.6226,26.0091],[-97.6796,26.0346],[-97.7669,26.0397],[-97.802,26.0637],[-97.9417,26.0568],[-98.0131,26.0637],[-98.0655,26.0422],[-98.0833,26.0709],[-98.1502,26.0637],[-98.2227,26.0754],[-98.3004,26.1114],[-98.3693,26.194],[-98.4565,26.2259],[-98.4929,26.2306],[-98.5816,26.2623],[-98.6406,26.2418],[-98.7399,26.3033],[-98.7464,26.3321],[-98.7959,26.3683],[-98.893,26.3678],[-98.9628,26.3995],[-99.0855,26.4076],[-99.1089,26.4343],[-99.0894,26.4712],[-99.1151,26.5256],[-99.1649,26.5404],[-99.1811,26.6299],[-99.2214,26.7357],[-99.2483,26.8271],[-99.337,26.9248],[-99.3768,26.9538],[-99.3993,27.0127],[-99.4246,27.0179],[-99.4617,27.057],[-99.442,27.0896],[-99.4525,27.125],[-99.432,27.2076],[-99.4409,27.2448],[-99.4866,27.2976],[-99.4976,27.3388],[-99.4729,27.4266],[-99.4764,27.4825],[-99.5095,27.5],[-99.5072,27.5738],[-99.535,27.6048],[-99.6002,27.6464],[-99.6449,27.6327],[-99.6647,27.6594],[-99.7107,27.6701]]]},"properties":{"nombre":"Tamaulipas","clave":"MX-TAM"}},
{"type":"Feature","geometry":{"type":"Polygon","coordinates":[[[-99.807,27.7714],[-99.9672,27.6402],[-100.0001,27.6562],[-100.1819,27.7935],[-100.331,27.7006],[-100.3582,27.6742],[-100.3847,27.6023],[-100.4352,27.3797],[-100.486,27.3448],[-100.5118,27.3657],[-100.6275,27.3279],[-100.6782,27.2817],[-100.802,27.2119],[-100.8154,27.1803],[-100.7996,27.0597],[-100.7152,27.0196],[-100.6717,27.0981],[-100.6339,27.0709],[-100.579,27.0631],[-100.5534,27.0326],[-100.5558,26.8675],[-100.587,26.7646],[-100.6092,26.7164],[-100.6428,26.6754],[-100.7115,26.6173],[-100.7526,26.7319],[-101.2157,26.373],[-101.1087,26.2834],[-101.0855,26.2485],[-101.0733,26.1981],[-101.0389,26.157],[-100.9903,26.1498],[-100.9347,26.0817],[-100.9233,26.0001],[-100.8477,25.9569],[-100.8529,25.8581],[-100.8463,25.7853],[-100.8071,25.7122],[-100.7563,25.6457],[-100.7211,25.6172],[-100.6566,25.6096],[-100.6362,25.5569],[-100.5817,25.5461],[-100.5709,25.4983],[-100.6648,25.5299],[-100.6964,25.5058],[-100.6277,25.4764],[-100.5723,25.4139],[-100.4989,25.3975],[-100.4518,25.3413],[-100.412,25.3524],[-100.3035,25.3449],[-100.2118,25.2916],[-100.2632,25.2497],[-100.2596,25.2091],[-100.3337,25.2058],[-100.3803,25.1929],[-100.4271,25.1985],[-100.5288,25.2294],[-100.5961,25.2295],[-100.6573,25.2118],[-100.7706,25.1473],[-100.8227,25.0794],[-100.8355,25.0413],[-100.7762,25.0115],[-100.7316,24.9624],[-100.7962,24.8935],[-100.7734,24.8203],[-100.7723,24.7501],[-100.8284,24.565],[-100.6857,24.3867],[-100.6311,24.3305],[-100.6103,24.2833],[-100.6039,24.0262],[-100.5798,23.9305],[-100.4876,23.8215],[-100.4779,23.758],[-100.4943,23.6616],[-100.4548,23.5134],[-100.4709,23.4178],[-100.4548,23.3562],[-100.4568,23.3043],[-100.4393,23.229],[-100.3988,23.2004],[-100.34,23.1896],[-100.3251,23.2022],[-100.3268,23.2541],[-100.1234,23.2496],[-100.0573,23.2411],[-100.055,23.3138],[-100.1256,23.3562],[-100.0429,23.4153],[-99.906,23.3751],[-99.9521,23.5277],[-99.8988,23.6468],[-99.8401,23.7408],[-99.5997,23.7668],[-99.5022,23.8904],[-99.4517,23.8916],[-99.4637,23.9574],[-99.5928,24.0651],[-99.6165,24.1377],[-99.611,24.2205],[-99.5751,24.3447],[-99.5763,24.38],[-99.6063,24.5125],[-99.71,24.4725],[-99.7368,24.5697],[-99.6506,24.6391],[-99.587,24.6585],[-99.5473,24.6458],[-99.5,24.6743],[-99.4785,24.7398],[-99.442,24.7507],[-99.4147,24.7792],[-99.3257,24.7961],[-99.294,24.8267],[-99.2421,24.7988],[-99.1639,24.7758],[-99.193,24.878],[-99.1476,24.9347],[-99.1476,24.9568],[-99.1851,24.9955],[-99.1425,25.013],[-99.1453,25.052],[-99.1065,25.0489],[-99.0338,25.1196],[-99.0027,25.0802],[-98.9556,25.0697],[-98.8687,25.0988],[-98.4911,25.3867],[-98.4457,25.4246],[-98.4498,25.4687],[-98.5395,25.4725],[-98.561,25.5026],[-98.5547,25.6221],[-98.5557,25.9713],[-98.5689,25.9974],[-98.8101,26.0601],[-98.8461,26.0445],[-98.8888,25.9708],[-99.0199,26.0929],[-99.0585,26.0983],[-99.1331,26.0567],[-99.1522,26.084],[-99.1615,26.2038],[-99.1732,26.2793],[-99.2545,26.2948],[-99.3469,26.3934],[-99.3918,26.3656],[-99.4197,26.3992],[-99.4229,26.4644],[-99.3917,26.5127],[-99.3838,26.569],[-99.4132,26.6241],[-99.4458,26.6419],[-99.571,26.6865],[-99.6529,26.6839],[-99.6097,26.7322],[-99.6045,26.7804],[-99.5626,26.835],[-99.6301,26.8839],[-99.7004,26.8963],[-99.7319,26.9323],[-99.728,26.9931],[-99.68,27.1352],[-99.6826,27.1685],[-99.7119,27.1996],[-99.7402,27.3834],[-99.7564,27.4505],[-99.7779,27.4819],[-99.9036,27.4998],[-99.9099,27.5722],[-99.8147,27.6258],[-99.7107,27.6701],[-99.7404,27.7222],[-99.7746,27.7358],[-99.807,27.7714]]]},"properties":{"nombre":"Nuevo León","clave":"MX-NLE"}},
{"type":"Feature","geometry":{"type":"MultiPolygon","coordinates":[[[[-89.1463,17.9515],[-89.1326,17.9703],[-89.0494,17.9992],[-88.9798,17.9494],[-88.947,17.9485],[-88.9333,17.9204],[-88.8803,17.8885],[-88.8564,17.9283],[-88.7959,17.9756],[-88.7769,18.0238],[-88.7364,18.0519],[-88.7177,18.11],[-88.6929,18.15],[-88.6966,18.1781],[-88.617,18.2354],[-88.6077,18.2834],[-88.5548,18.3522],[-88.533,18.4433],[-88.4892,18.4845],[-88.4596,18.4757],[-88.4132,18.4908],[-88.3714,18.4818],[-88.2833,18.4914],[-88.2211,18.6058],[-88.1605,18.7038],[-88.1929,18.6954],[-88.1908,18.7447],[-88.1195,18.7445],[-88.1039,18.8027],[-88.0363,18.875],[-88.0303,18.8352],[-88.0045,18.7869],[-88.0022,18.6901],[-88.0505,18.5958],[-88.0438,18.5734],[-88.0773,18.5358],[-88.0778,18.4986],[-87.9913,18.4569],[-87.9352,18.4431],[-87.9353,18.4001],[-87.8998,18.3891],[-87.8964,18.3581],[-87.8653,18.3142],[-87.8743,18.2627],[-87.8446,18.2622],[-87.8194,18.3386],[-87.7712,18.4064],[-87.758,18.4995],[-87.7392,18.536],[-87.7421,18.6013],[-87.7234,18.6812],[-87.662,18.7668],[-87.626,18.8894],[-87.6062,19.0204],[-87.5489,19.133],[-87.523,19.2524],[-87.4809,19.3043],[-87.4957,19.3276],[-87.5671,19.3172],[-87.5925,19.2683],[-87.639,19.2209],[-87.6879,19.2421],[-87.6601,19.307],[-87.6557,19.3732],[-87.5717,19.428],[-87.5261,19.4064],[-87.4584,19.455],[-87.433,19.492],[-87.4232,19.558],[-87.5155,19.548],[-87.5646,19.5678],[-87.6186,19.5466],[-87.6544,19.5075],[-87.6664,19.5525],[-87.7315,19.6005],[-87.7443,19.6518],[-87.7347,19.6838],[-87.6705,19.6819],[-87.6287,19.7086],[-87.6004,19.7714],[-87.5497,19.8176],[-87.5253,19.8029],[-87.4969,19.8297],[-87.4715,19.8847],[-87.4746,19.9309],[-87.4378,19.9215],[-87.4678,19.9848],[-87.4713,20.069],[-87.444,20.1911],[-87.4101,20.2463],[-87.379,20.2667],[-87.3539,20.327],[-87.235,20.4926],[-87.1804,20.5472],[-87.0675,20.6192],[-87.0364,20.6633],[-86.9432,20.7623],[-86.8753,20.855],[-86.8332,20.971],[-86.8235,21.0202],[-86.7911,21.0362],[-86.7899,21.0649],[-86.7416,21.1641],[-86.7909,21.1584],[-86.8151,21.2048],[-86.8235,21.3183],[-86.8126,21.3828],[-86.828,21.4333],[-86.9248,21.4461],[-86.9447,21.4931],[-86.9979,21.5659],[-87.0433,21.6021],[-87.1115,21.6234],[-87.1342,21.6195],[-87.3244,21.5409],[-87.2566,21.528],[-87.1999,21.5623],[-87.1531,21.5683],[-87.13,21.5194],[-87.1661,21.4726],[-87.2382,21.443],[-87.2893,21.4546],[-87.3511,21.4521],[-87.4084,21.4703],[-87.4741,21.4671],[-87.5019,21.4993],[-87.5398,21.4993],[-87.5251,21.2988],[-87.5294,21.2653],[-87.5688,21.2107],[-87.585,21.1111],[-87.5388,21.0179],[-87.534,20.9557],[-87.5963,20.8411],[-87.6086,20.7756],[-87.6749,20.6479],[-87.7359,20.6133],[-87.8216,20.5527],[-87.9043,20.4863],[-88.0139,20.4347],[-88.1064,20.4283],[-88.1607,20.4592],[-88.2184,20.4326],[-88.2724,20.3434],[-88.2597,20.3005],[-88.2833,20.2651],[-88.3133,20.3164],[-88.3738,20.3006],[-88.4002,20.234],[-88.4453,20.1837],[-88.5037,20.1702],[-88.5574,20.1373],[-88.6133,20.1256],[-88.7074,20.0808],[-88.79,20.019],[-88.7915,19.9812],[-88.8394,20.0139],[-88.9112,19.9487],[-88.9451,19.9359],[-89.0557,19.9318],[-89.1509,19.8931],[-89.202,19.8417],[-89.3688,19.8201],[-89.3702,19.755],[-89.4154,19.651],[-89.3739,19.5939],[-89.3188,19.5483],[-89.2543,19.5072],[-89.1346,19.4052],[-89.0372,19.2892],[-89.0135,19.2178],[-89.0219,19.156],[-89.0207,19.0335],[-89.0824,18.9614],[-89.0764,18.8872],[-89.1088,18.6908],[-89.1011,18.632],[-89.0671,18.5896],[-89.0593,18.5372],[-89.0759,18.5058],[-89.0445,18.4922],[-89.061,18.4251],[-89.0416,18.336],[-89.0357,18.2027],[-89.0584,18.1443],[-89.1541,18.0314],[-89.1463,17.9515]]],[[[-86.749,20.5922],[-86.7892,20.5599],[-86.8463,20.549],[-86.8969,20.5678],[-86.9368,20.5472],[-87.0079,20.4362],[-87.0197,20.3974],[-87.0189,20.3325],[-86.9953,20.2608],[-86.9265,20.3137],[-86.844,20.4373],[-86.7971,20.4775],[-86.7353,20.5854],[-86.749,20.5922]]]]},"properties":{"nombre":"Quintana Roo","clave":"MX-ROO"}},
{"type":"Feature","geometry":{"type":"MultiPolygon","coordinates":[[[[-89.1463,17.9515],[-89.1541,18.0314],[-89.0584,18.1443],[-89.0357,18.2027],[-89.0416,18.336],[-89.061,18.4251],[-89.0445,18.4922],[-89.0759,18.5058],[-89.0593,18.5372],[-89.0671,18.5896],[-89.1011,18.632],[-89.1088,18.6908],[-89.0764,18.8872],[-89.0824,18.9614],[-89.0207,19.0335],[-89.0219,19.156],[-89.0135,19.2178],[-89.0372,19.2892],[-89.1346,19.4052],[-89.2543,19.5072],[-89.3188,19.5483],[-89.3739,19.5939],[-89.4154,19.651],[-89.4421,19.7062],[-89.4547,19.777],[-89.5015,19.8375],[-89.5578,19.8901],[-89.63,20.0191],[-89.6895,20.062],[-89.7584,20.0878],[-89.8107,20.1374],[-89.8345,20.2085],[-89.8698,20.2686],[-89.9438,20.3232],[-89.9626,20.387],[-90.0184,20.4675],[-90.0463,20.4505],[-90.0638,20.4125],[-90.0942,20.4074],[-90.1299,20.4392],[-90.1692,20.4247],[-90.195,20.4459],[-90.2363,20.51],[-90.3742,20.5185],[-90.392,20.5472],[-90.3798,20.7952],[-90.3811,20.824],[-90.4491,20.7421],[-90.4594,20.7155],[-90.4669,20.6189],[-90.4899,20.5341],[-90.4745,20.4085],[-90.4883,20.3121],[-90.4873,20.2346],[-90.4967,20.1846],[-90.4974,20.0674],[-90.4672,20.0133],[-90.4639,19.9779],[-90.4778,19.9221],[-90.5169,19.8817],[-90.6645,19.7819],[-90.7095,19.6875],[-90.7028,19.6326],[-90.7143,19.5699],[-90.7301,19.3759],[-90.7424,19.343],[-90.8031,19.2829],[-90.8566,19.2583],[-90.9355,19.1631],[-91.0137,19.1133],[-91.0796,19.0873],[-91.1616,19.0163],[-91.2817,18.9656],[-91.4312,18.8801],[-91.5053,18.8166],[-91.4521,18.8116],[-91.3913,18.8713],[-91.326,18.903],[-91.2609,18.9526],[-91.253,18.9371],[-91.3111,18.8908],[-91.3577,18.8756],[-91.4011,18.8374],[-91.367,18.7712],[-91.3024,18.781],[-91.2655,18.7357],[-91.2848,18.6367],[-91.1991,18.6632],[-91.197,18.6464],[-91.2513,18.6197],[-91.3017,18.6218],[-91.3328,18.5734],[-91.3949,18.5604],[-91.5041,18.5119],[-91.5444,18.4492],[-91.5929,18.4431],[-91.6822,18.4505],[-91.7728,18.4785],[-91.7716,18.4368],[-91.806,18.4312],[-91.8143,18.3887],[-91.8523,18.4202],[-91.8542,18.4483],[-91.8291,18.4773],[-91.8372,18.5032],[-91.8769,18.5144],[-91.8782,18.538],[-91.9703,18.5939],[-91.9552,18.5477],[-91.9907,18.5393],[-92.046,18.5666],[-91.9945,18.6156],[-91.9563,18.6274],[-91.9425,18.5984],[-91.9051,18.5944],[-91.8669,18.6284],[-91.9481,18.6912],[-92.0601,18.7016],[-92.2927,18.6768],[-92.4051,18.6711],[-92.4861,18.6485],[-92.4373,18.5763],[-92.4165,18.5033],[-92.3576,18.457],[-92.1491,18.4619],[-92.1556,18.1688],[-92.1412,18.1461],[-92.0223,18.0632],[-91.9751,18.0416],[-91.9654,18.0108],[-91.8909,17.9667],[-91.8276,17.9517],[-91.6331,17.9509],[-91.5999,18.0263],[-91.6031,18.0672],[-91.5687,18.1036],[-91.4766,18.1022],[-91.316,18.0584],[-91.2274,18.0064],[-91.1503,18.0001],[-91.1094,17.9728],[-90.9917,17.9682],[-90.9909,17.802],[-90.9622,17.816],[-90.6992,17.8158],[-90.2597,17.8153],[-89.6002,17.8147],[-89.1605,17.8143],[-89.1614,17.9014],[-89.1463,17.9515]]],[[[-91.6003,18.772],[-91.6466,18.7558],[-91.7402,18.7038],[-91.8122,18.6798],[-91.786,18.6544],[-91.7027,18.6975],[-91.6601,18.6923],[-91.6208,18.7447],[-91.5244,18.7666],[-91.5389,18.7931],[-91.6003,18.772]]]]},"properties":{"nombre":"Campeche","clave":"MX-CAM"}},
{"type":"Feature","geometry":{"type":"Polygon","coordinates":[[[-90.9909,17.802],[-90.9917,17.9682],[-91.1094,17.9728],[-91.1503,18.0001],[-91.2274,18.0064],[-91.316,18.0584],[-91.4766,18.1022],[-91.5687,18.1036],[-91.6031,18.0672],[-91.5999,18.0263],[-91.6331,17.9509],[-91.8276,17.9517],[-91.8909,17.9667],[-91.9654,18.0108],[-91.9751,18.0416],[-92.0223,18.0632],[-92.1412,18.1461],[-92.1556,18.1688],[-92.1491,18.4619],[-92.3576,18.457],[-92.4165,18.5033],[-92.4373,18.5763],[-92.4861,18.6485],[-92.6108,18.6218],[-92.681,18.6229],[-92.7263,18.5876],[-92.7593,18.5367],[-92.8068,18.4941],[-92.8557,18.466],[-92.9398,18.4457],[-93.1011,18.4431],[-93.0959,18.4089],[-93.1225,18.374],[-93.17,18.3686],[-93.1784,18.4004],[-93.1558,18.4431],[-93.3055,18.4379],[-93.4447,18.4418],[-93.5967,18.4199],[-93.782,18.353],[-93.7249,18.3475],[-93.7038,18.3686],[-93.6327,18.3904],[-93.5803,18.4163],[-93.5666,18.3891],[-93.5928,18.345],[-93.6572,18.3333],[-93.6839,18.3549],[-93.7625,18.3239],[-93.7674,18.2812],[-93.7982,18.2675],[-93.8783,18.2569],[-93.8615,18.3065],[-93.9726,18.2721],[-94.0078,18.2484],[-94.0846,18.2322],[-94.1371,18.2074],[-94.1256,18.1675],[-94.096,18.1582],[-94.0898,18.0727],[-94.0508,17.9937],[-94.0692,17.9661],[-94.0767,17.882],[-94.0234,17.8472],[-93.9705,17.8323],[-93.9497,17.8107],[-93.9369,17.7586],[-93.8621,17.7445],[-93.846,17.7103],[-93.814,17.7073],[-93.7338,17.6715],[-93.6662,17.5865],[-93.6148,17.5465],[-93.6434,17.4208],[-93.6244,17.3893],[-93.5895,17.3755],[-93.5058,17.553],[-93.4726,17.5728],[-93.4574,17.6076],[-93.4144,17.6377],[-93.3134,17.9639],[-93.271,17.9937],[-93.1959,17.979],[-93.1421,17.9496],[-93.0876,17.9003],[-93.0545,17.8947],[-93.0322,17.9154],[-92.9946,17.9095],[-92.9898,17.8274],[-93.0111,17.7488],[-93.0107,17.7083],[-92.992,17.6278],[-92.9897,17.5613],[-92.9687,17.5315],[-92.9102,17.5258],[-92.8422,17.4166],[-92.8153,17.3898],[-92.7552,17.3643],[-92.6954,17.3835],[-92.4395,17.6073],[-92.383,17.6233],[-92.3681,17.6969],[-92.3435,17.713],[-92.2417,17.7393],[-92.1481,17.7878],[-92.0808,17.7873],[-92.0778,17.8328],[-91.9956,17.9047],[-91.9535,17.9023],[-91.9262,17.8823],[-91.8604,17.8745],[-91.8188,17.8854],[-91.7853,17.8466],[-91.7756,17.7743],[-91.7815,17.7209],[-91.6981,17.7136],[-91.6667,17.651],[-91.6496,17.5709],[-91.6517,17.5419],[-91.6279,17.5136],[-91.5166,17.4737],[-91.4927,17.4571],[-91.4973,17.4124],[-91.4803,17.394],[-91.4314,17.3894],[-91.3911,17.3366],[-91.429,17.3127],[-91.4333,17.2545],[-90.992,17.2519],[-90.9909,17.802]]]},"properties":{"nombre":"Tabasco","clave":"MX-TAB"}},
{"type":"Feature","geometry":{"type":"MultiPolygon","coordinates":[[[[-91.4333,17.2545],[-91.429,17.3127],[-91.3911,17.3366],[-91.4314,17.3894],[-91.4803,17.394],[-91.4973,17.4124],[-91.4927,17.4571],[-91.5166,17.4737],[-91.6279,17.5136],[-91.6517,17.5419],[-91.6496,17.5709],[-91.6667,17.651],[-91.6981,17.7136],[-91.7815,17.7209],[-91.7756,17.7743],[-91.7853,17.8466],[-91.8188,17.8854],[-91.8604,17.8745],[-91.9262,17.8823],[-91.9535,17.9023],[-91.9956,17.9047],[-92.0778,17.8328],[-92.0808,17.7873],[-92.1481,17.7878],[-92.2417,17.7393],[-92.3435,17.713],[-92.3681,17.6969],[-92.383,17.6233],[-92.4395,17.6073],[-92.6954,17.3835],[-92.7552,17.3643],[-92.8153,17.3898],[-92.8422,17.4166],[-92.9102,17.5258],[-92.9687,17.5315],[-92.9897,17.5613],[-92.992,17.6278],[-93.0107,17.7083],[-93.0111,17.7488],[-92.9898,17.8274],[-92.9946,17.9095],[-93.0322,17.9154],[-93.0545,17.8947],[-93.0876,17.9003],[-93.1421,17.9496],[-93.1959,17.979],[-93.271,17.9937],[-93.3134,17.9639],[-93.4144,17.6377],[-93.4574,17.6076],[-93.4726,17.5728],[-93.5058,17.553],[-93.5895,17.3755],[-93.6366,17.3],[-93.8604,17.1545],[-93.8734,17.1502],[-93.8648,17.0963],[-93.8681,17.0122],[-93.9053,17.0005],[-93.9113,16.8807],[-94.029,16.8132],[-94.0447,16.7803],[-94.0354,16.6626],[-94.0481,16.6235],[-94.1049,16.5504],[-94.1251,16.5088],[-94.1055,16.4517],[-94.052,16.3363],[-94.0369,16.2733],[-94.0524,16.1987],[-94.0836,16.1489],[-94.0426,16.1253],[-93.923,16.0999],[-93.8981,16.0889],[-93.854,16.0248],[-93.9434,16.0106],[-93.7592,15.9062],[-93.656,15.8393],[-93.4881,15.7089],[-93.4708,15.7007],[-93.2286,15.5019],[-93.1996,15.491],[-93.17,15.4489],[-93.0781,15.3487],[-92.9982,15.294],[-92.9831,15.2656],[-92.923,15.2372],[-92.8635,15.1911],[-92.824,15.1728],[-92.8249,15.1356],[-92.6999,14.9991],[-92.5078,14.8071],[-92.3059,14.6151],[-92.2463,14.5463],[-92.2081,14.5705],[-92.1647,14.6682],[-92.1617,14.7023],[-92.1908,14.8142],[-92.1868,14.8473],[-92.1547,14.9008],[-92.1542,14.9959],[-92.1038,15.0179],[-92.0738,15.0737],[-92.2034,15.2372],[-92.2047,15.2895],[-91.9896,15.649],[-91.7519,16.0463],[-91.7238,16.0688],[-91.2648,16.0695],[-90.989,16.0699],[-90.4857,16.0707],[-90.4482,16.0793],[-90.4595,16.1168],[-90.4353,16.1363],[-90.4327,16.1732],[-90.4618,16.1891],[-90.4594,16.2591],[-90.4375,16.28],[-90.3988,16.3476],[-90.3949,16.4192],[-90.4758,16.4307],[-90.4823,16.4561],[-90.5437,16.4902],[-90.5847,16.4802],[-90.6482,16.5296],[-90.6338,16.5922],[-90.6677,16.6526],[-90.7353,16.7466],[-90.8317,16.8054],[-90.9006,16.826],[-90.9689,16.8744],[-91.0669,16.9182],[-91.0769,16.9495],[-91.1212,17.0184],[-91.1712,17.028],[-91.2068,17.0654],[-91.2254,17.107],[-91.2592,17.1243],[-91.2904,17.1891],[-91.3649,17.1898],[-91.3729,17.2136],[-91.4425,17.238],[-91.4333,17.2545]]],[[[-94.094,16.099],[-94.1149,16.0572],[-94.0192,16.0311],[-94.0567,16.0758],[-94.094,16.099]]]]},"properties":{"nombre":"Chiapas","clave":"MX-CHP"}},
{"type":"Feature","geometry":{"type":"MultiPolygon","coordinates":[[[[-110.9459,18.8],[-110.9562,18.8437],[-111.0006,18.8682],[-111.0531,18.816],[-111.0672,18.7687],[-111.0084,18.7424],[-110.9795,18.7168],[-110.9243,18.7274],[-110.9112,18.7625],[-110.9459,18.8]]],[[[-103.742,18.6904],[-103.7081,18.7168],[-103.6791,18.7789],[-103.627,18.8024],[-103.6066,18.892],[-103.586,18.8821],[-103.5249,18.9151],[-103.4778,18.9664],[-103.4916,19.0193],[-103.5252,19.0925],[-103.4948,19.1952],[-103.507,19.268],[-103.4965,19.3161],[-103.5446,19.3484],[-103.5648,19.3885],[-103.6006,19.4078],[-103.6353,19.4871],[-103.6737,19.4885],[-103.7441,19.4269],[-103.8014,19.4222],[-103.8335,19.3976],[-103.9307,19.4351],[-104.0249,19.4872],[-104.0558,19.5372],[-104.1222,19.4726],[-104.1522,19.3982],[-104.1903,19.3697],[-104.2145,19.3204],[-104.2726,19.3149],[-104.3065,19.2916],[-104.3847,19.2705],[-104.4206,19.288],[-104.4992,19.2495],[-104.5364,19.2489],[-104.5509,19.2127],[-104.5923,19.1725],[-104.5926,19.1496],[-104.5038,19.1297],[-104.4516,19.1044],[-104.3543,19.1119],[-104.3041,19.0817],[-104.3317,19.0223],[-104.1806,18.9714],[-103.98,18.8749],[-103.9532,18.8493],[-103.7943,18.7412],[-103.742,18.6904]]]]},"properties":{"nombre":"Colima","clave":"MX-COL"}},
{"type":"Feature","geometry":{"type":"MultiPolygon","coordinates":[[[[-106.4042,21.4839],[-106.4596,21.4949],[-106.4926,21.469],[-106.3871,21.4206],[-106.3626,21.4551],[-106.4042,21.4839]]],[[[-106.5124,21.597],[-106.5394,21.6364],[-106.5345,21.6576],[-106.6,21.6915],[-106.6422,21.6966],[-106.656,21.6583],[-106.6312,21.6009],[-106.5451,21.5619],[-106.5124,21.597]]],[[[-105.2908,20.6852],[-105.267,20.6992],[-105.1528,20.8577],[-105.0946,20.9181],[-105.0574,20.9368],[-105.0334,20.9172],[-104.9243,20.9312],[-104.7973,21.0176],[-104.7279,21.0097],[-104.621,20.9231],[-104.5439,20.9178],[-104.5229,20.9066],[-104.478,20.8442],[-104.378,20.7796],[-104.3528,20.7441],[-104.2856,20.708],[-104.2829,20.7997],[-104.2711,20.8615],[-104.2129,20.9725],[-104.2037,21.0521],[-104.2241,21.1693],[-104.2017,21.1986],[-104.0824,21.2051],[-104.0397,21.2198],[-103.9826,21.2705],[-103.9626,21.3044],[-103.9623,21.347],[-103.9447,21.3752],[-104.0786,21.4446],[-104.2103,21.5192],[-104.1581,21.5968],[-104.1344,21.6939],[-104.0984,21.7845],[-104.216,21.9163],[-104.3931,22.0698],[-104.3987,22.0854],[-104.3297,22.2644],[-104.3114,22.3191],[-104.3346,22.4749],[-104.4772,22.4168],[-104.5041,22.4156],[-104.5874,22.4596],[-104.629,22.5105],[-104.6536,22.6045],[-104.6679,22.6256],[-104.7537,22.674],[-104.7743,22.6762],[-104.9707,22.5417],[-104.9967,22.5435],[-105.0022,22.5934],[-104.9942,22.6751],[-104.9775,22.7057],[-104.8886,22.7903],[-104.9455,22.9156],[-104.9699,22.9383],[-105.1315,23.017],[-105.2296,23.0374],[-105.3886,23.0333],[-105.4348,23.0328],[-105.472,22.9736],[-105.4455,22.9234],[-105.4523,22.9013],[-105.5203,22.8478],[-105.5717,22.7907],[-105.5688,22.7538],[-105.5171,22.6979],[-105.4865,22.6841],[-105.442,22.55],[-105.4428,22.5148],[-105.466,22.4949],[-105.5326,22.5],[-105.5752,22.5348],[-105.6135,22.5485],[-105.6775,22.5352],[-105.6618,22.48],[-105.6787,22.449],[-105.7241,22.5095],[-105.7327,22.5041],[-105.655,22.2563],[-105.6477,22.1906],[-105.6573,22.0473],[-105.6323,21.9557],[-105.5494,21.8302],[-105.4629,21.6715],[-105.4484,21.631],[-105.4141,21.6011],[-105.2635,21.5134],[-105.2438,21.5272],[-105.2001,21.4929],[-105.185,21.443],[-105.2305,21.3886],[-105.2431,21.3421],[-105.2257,21.2839],[-105.2161,21.2044],[-105.2329,21.183],[-105.2392,21.1312],[-105.2343,21.061],[-105.2706,21.0253],[-105.3097,21.0307],[-105.3582,20.9577],[-105.4039,20.9289],[-105.4249,20.8896],[-105.4553,20.867],[-105.4865,20.7962],[-105.5141,20.7703],[-105.4109,20.734],[-105.3616,20.7628],[-105.3102,20.7272],[-105.2908,20.6852]]]]},"properties":{"nombre":"Nayarit","clave":"MX-NAY"}},
{"type":"Feature","geometry":{"type":"MultiPolygon","coordinates":[[[[-109.8357,24.2247],[-109.9332,24.3744],[-109.9374,24.3251],[-109.9004,24.1992],[-109.8625,24.1471],[-109.7984,24.1552],[-109.8357,24.2247]]],[[[-111.7535,24.447],[-111.8182,24.4676],[-111.8644,24.5205],[-111.9716,24.5185],[-111.9408,24.4836],[-111.8716,24.4391],[-111.7104,24.3183],[-111.6923,24.3739],[-111.7242,24.3962],[-111.7535,24.447]]],[[[-110.3249,24.5159],[-110.3865,24.5869],[-110.4157,24.5696],[-110.3846,24.4737],[-110.3586,24.4522],[-110.348,24.4025],[-110.3265,24.4007],[-110.2879,24.4697],[-110.3249,24.5159]]],[[[-110.7108,25.095],[-110.7133,25.0292],[-110.6758,25.0112],[-110.6547,24.9461],[-110.5739,24.8875],[-110.5249,24.88],[-110.5707,24.9555],[-110.5749,25.0157],[-110.5931,25.0344],[-110.6686,25.0528],[-110.7108,25.095]]],[[[-112.1035,24.6172],[-112.1432,24.6499],[-112.1156,24.6893],[-112.2137,24.8475],[-112.191,24.8898],[-112.1888,24.9522],[-112.1618,24.9744],[-112.1793,25.045],[-112.156,25.1408],[-112.1202,25.2205],[-112.1445,25.2278],[-112.2063,25.0177],[-112.2752,24.8395],[-112.3046,24.7922],[-112.2725,24.773],[-112.2246,24.7881],[-112.1895,24.7739],[-112.1462,24.7321],[-112.1359,24.698],[-112.1663,24.6709],[-112.1465,24.6187],[-112.1139,24.5992],[-112.0913,24.5515],[-112.0646,24.5682],[-112.1035,24.6172]]],[[[-110.7653,25.5939],[-110.7667,25.6758],[-110.8036,25.6749],[-110.8055,25.6444],[-110.7653,25.5939]]],[[[-111.0812,25.9987],[-111.0711,26.0536],[-111.176,26.0433],[-111.1693,25.9876],[-111.2111,25.9289],[-111.2303,25.8236],[-111.1813,25.8669],[-111.1808,25.9025],[-111.1206,25.9762],[-111.0812,25.9987]]],[[[-114.0713,28.0004],[-114.0983,28.0003],[-114.1064,27.928],[-114.1475,28.0002],[-114.207,28],[-114.2617,27.9442],[-114.2765,27.9011],[-114.1824,27.931],[-114.1369,27.9062],[-114.1344,27.8772],[-114.1732,27.8268],[-114.1724,27.7888],[-114.141,27.7309],[-114.1046,27.7077],[-114.0517,27.7201],[-114.0253,27.7499],[-113.9938,27.7499],[-113.9186,27.7193],[-113.9178,27.697],[-113.9533,27.6557],[-114.0426,27.6796],[-114.0567,27.6415],[-114.1029,27.6209],[-114.1509,27.6697],[-114.2237,27.697],[-114.2824,27.7358],[-114.3122,27.7797],[-114.2906,27.8334],[-114.3253,27.8747],[-114.4329,27.8003],[-114.4991,27.7741],[-114.5306,27.7876],[-114.6045,27.7744],[-114.692,27.7878],[-114.7861,27.8153],[-114.9234,27.8363],[-115.0529,27.8221],[-115.0336,27.7593],[-115.0017,27.7159],[-114.951,27.7163],[-114.9322,27.6762],[-114.8866,27.6949],[-114.8533,27.6816],[-114.8489,27.6406],[-114.7817,27.6028],[-114.7342,27.5213],[-114.7158,27.5219],[-114.5966,27.4772],[-114.5811,27.4508],[-114.5065,27.4062],[-114.4844,27.3243],[-114.4875,27.2381],[-114.3951,27.1829],[-114.2903,27.1465],[-114.2366,27.1533],[-114.182,27.1396],[-114.1144,27.1055],[-114.0636,27.0508],[-114.0495,27.018],[-114.0052,26.9774],[-113.9598,26.998],[-113.8787,26.9835],[-113.8164,26.949],[-113.7541,26.8606],[-113.7252,26.8],[-113.6658,26.7694],[-113.6371,26.7255],[-113.5741,26.705],[-113.543,26.7192],[-113.5039,26.7934],[-113.4196,26.8058],[-113.364,26.7951],[-113.2858,26.7496],[-113.2654,26.76],[-113.2638,26.8115],[-113.2042,26.8535],[-113.1925,26.9451],[-113.1457,26.9701],[-113.1262,26.9379],[-113.1373,26.8577],[-113.2125,26.7924],[-113.2158,26.7445],[-113.1703,26.7651],[-113.1431,26.7577],[-113.057,26.6502],[-113.0607,26.5991],[-113.0037,26.5498],[-112.9586,26.5402],[-112.9534,26.5185],[-112.903,26.4932],[-112.8304,26.4353],[-112.7284,26.3702],[-112.6891,26.3227],[-112.6128,26.3163],[-112.5902,26.2878],[-112.4983,26.235],[-112.4427,26.2607],[-112.4027,26.2402],[-112.3435,26.1781],[-112.3212,26.131],[-112.3087,26.0698],[-112.2929,26.0497],[-112.2385,26.0408],[-112.1983,25.9951],[-112.131,25.8165],[-112.1087,25.7841],[-112.1019,25.728],[-112.0998,25.5952],[-112.087,25.5932],[-112.0895,25.7154],[-112.076,25.7134],[-112.0631,25.6253],[-112.0721,25.5713],[-112.0626,25.4947],[-112.0743,25.4565],[-112.0779,25.2587],[-112.1306,25.172],[-112.1425,25.086],[-112.1222,25.0734],[-112.1307,25.0093],[-112.1658,24.9539],[-112.1373,24.9461],[-112.1042,25.0079],[-112.0839,24.9669],[-112.1035,24.9404],[-112.0902,24.9012],[-112.1242,24.874],[-112.0958,24.836],[-112.088,24.7734],[-112.0475,24.7651],[-112.0116,24.7394],[-111.9667,24.7783],[-111.9329,24.7562],[-111.9292,24.7305],[-111.8489,24.6537],[-111.8149,24.5699],[-111.8129,24.5059],[-111.7372,24.5467],[-111.6988,24.5356],[-111.679,24.5863],[-111.6494,24.5417],[-111.6194,24.4731],[-111.5654,24.4192],[-111.5226,24.4046],[-111.4444,24.3244],[-111.2274,24.2175],[-111.1742,24.181],[-111.0397,24.1042],[-111.01,24.0714],[-110.9317,24.015],[-110.8158,23.9087],[-110.7533,23.8391],[-110.6475,23.7339],[-110.5773,23.6816],[-110.4044,23.6086],[-110.3539,23.5808],[-110.3074,23.541],[-110.2346,23.4261],[-110.2295,23.4071],[-110.1673,23.3211],[-110.1516,23.2263],[-110.1076,23.0755],[-110.0984,23.0176],[-110.06,22.9508],[-109.9997,22.8944],[-109.9545,22.8722],[-109.8954,22.8742],[-109.806,22.9361],[-109.8034,22.9561],[-109.7315,22.9875],[-109.7132,23.0311],[-109.6076,23.0812],[-109.5771,23.0817],[-109.5317,23.1082],[-109.463,23.1948],[-109.4377,23.2404],[-109.4256,23.2972],[-109.4263,23.4585],[-109.4684,23.5039],[-109.4765,23.5602],[-109.524,23.5881],[-109.5667,23.597],[-109.6798,23.6482],[-109.7113,23.749],[-109.6984,23.7984],[-109.7728,23.8776],[-109.824,23.9104],[-109.8391,23.9518],[-109.8034,24.0221],[-109.8283,24.0628],[-109.9314,24.0293],[-109.9877,24.0463],[-109.9966,24.1286],[-110.0181,24.1693],[-110.0872,24.2158],[-110.1728,24.253],[-110.2,24.2969],[-110.2364,24.3202],[-110.2326,24.3432],[-110.297,24.3519],[-110.3325,24.3288],[-110.3363,24.2559],[-110.3008,24.217],[-110.3061,24.1767],[-110.3472,24.1396],[-110.3504,24.1145],[-110.4168,24.1086],[-110.4294,24.1452],[-110.4021,24.1755],[-110.5116,24.1957],[-110.5624,24.2125],[-110.6099,24.2537],[-110.6818,24.3607],[-110.6936,24.4077],[-110.6872,24.466],[-110.7217,24.5048],[-110.7386,24.5546],[-110.7393,24.6213],[-110.7235,24.6812],[-110.694,24.6999],[-110.6645,24.7647],[-110.657,24.8069],[-110.6843,24.8571],[-110.7054,24.921],[-110.7472,24.9638],[-110.7578,25.0122],[-110.8142,25.0332],[-110.8295,25.0647],[-110.8616,25.0792],[-110.8801,25.1265],[-110.9045,25.143],[-110.9152,25.192],[-110.9473,25.2618],[-110.9343,25.2911],[-110.9795,25.3424],[-111.0263,25.4586],[-111.0193,25.5153],[-111.1138,25.5257],[-111.1917,25.6148],[-111.225,25.7244],[-111.2783,25.7507],[-111.3071,25.7792],[-111.331,25.8374],[-111.3325,25.8849],[-111.3603,25.9641],[-111.3373,25.9877],[-111.3449,26.0288],[-111.3183,26.0737],[-111.3757,26.1835],[-111.3974,26.2522],[-111.3819,26.2771],[-111.3937,26.33],[-111.4616,26.4001],[-111.4682,26.4664],[-111.4422,26.5175],[-111.5489,26.5486],[-111.5691,26.5762],[-111.5601,26.6957],[-111.6478,26.7465],[-111.7211,26.8063],[-111.7452,26.8441],[-111.8181,26.8962],[-111.8514,26.8803],[-111.7941,26.6901],[-111.7146,26.6297],[-111.6768,26.5819],[-111.7358,26.5397],[-111.7843,26.5718],[-111.7982,26.6126],[-111.8431,26.6452],[-111.853,26.6773],[-111.9052,26.7343],[-111.8614,26.7838],[-111.8707,26.8281],[-111.9518,26.8922],[-111.9739,26.9369],[-112.0172,26.9785],[-112.0031,27.0357],[-111.9702,27.068],[-112.0112,27.1168],[-112.0889,27.1316],[-112.1549,27.162],[-112.2128,27.2105],[-112.1956,27.2501],[-112.2302,27.2911],[-112.2417,27.3266],[-112.287,27.3658],[-112.3206,27.4438],[-112.333,27.5166],[-112.3731,27.5641],[-112.4852,27.62],[-112.598,27.6543],[-112.6433,27.7105],[-112.6703,27.7177],[-112.7035,27.755],[-112.7195,27.8192],[-112.7732,27.8639],[-112.7619,27.8937],[-112.7636,27.9994],[-113.1151,28.0003],[-113.6549,28.0012],[-114.0628,28.0005],[-114.0713,28.0004]]],[[[-113.2447,26.7246],[-113.258,26.7048],[-113.1389,26.6726],[-113.1744,26.7204],[-113.2447,26.7246]]]]},"properties":{"nombre":"Baja California Sur","clave":"MX-BCS"}},
{"type":"Feature","geometry":{"type":"MultiPolygon","coordinates":[[[[-108.8316,25.4264],[-108.901,25.4465],[-109.0131,25.4469],[-108.994,25.4267],[-108.9325,25.4273],[-108.8725,25.4088],[-108.8316,25.4264]]],[[[-105.7241,22.5095],[-105.6787,22.449],[-105.6618,22.48],[-105.6775,22.5352],[-105.6135,22.5485],[-105.5752,22.5348],[-105.5326,22.5],[-105.466,22.4949],[-105.4428,22.5148],[-105.442,22.55],[-105.4865,22.6841],[-105.5171,22.6979],[-105.5688,22.7538],[-105.5717,22.7907],[-105.5203,22.8478],[-105.4523,22.9013],[-105.4455,22.9234],[-105.472,22.9736],[-105.4348,23.0328],[-105.3886,23.0333],[-105.3923,23.1498],[-105.4754,23.1426],[-105.5501,23.163],[-105.6221,23.2276],[-105.6339,23.2533],[-105.6878,23.2972],[-105.6915,23.3436],[-105.7134,23.3775],[-105.7153,23.4641],[-105.7656,23.5511],[-105.826,23.5666],[-105.8532,23.6014],[-105.864,23.6468],[-105.8974,23.7135],[-105.9197,23.8613],[-105.9161,23.9402],[-105.8717,24.031],[-105.9484,24.0733],[-105.9761,24.1223],[-106.0209,24.2319],[-106.0533,24.2833],[-106.1525,24.3653],[-106.1956,24.3898],[-106.274,24.3909],[-106.3427,24.3493],[-106.4046,24.2896],[-106.4762,24.2857],[-106.5064,24.2938],[-106.5959,24.368],[-106.6097,24.3961],[-106.6218,24.4819],[-106.6644,24.5661],[-106.6996,24.5999],[-106.7564,24.7035],[-106.8101,24.732],[-106.8546,24.7892],[-106.9324,24.7995],[-106.9542,24.8668],[-107.0364,24.9197],[-107.0742,25.017],[-107.1263,25.1899],[-107.1257,25.2374],[-107.0961,25.4203],[-107.062,25.5015],[-107.0092,25.5522],[-106.9853,25.5928],[-106.9369,25.6416],[-107.0758,25.7294],[-107.1267,25.7931],[-107.1757,25.8299],[-107.2594,25.8693],[-107.2805,25.9493],[-107.3138,25.9658],[-107.3438,26.0838],[-107.3612,26.1065],[-107.4141,26.1298],[-107.7589,26.195],[-107.7854,26.2156],[-107.8164,26.4258],[-107.8351,26.5996],[-107.8531,26.6464],[-107.9144,26.7049],[-107.9996,26.8146],[-108.0148,26.8464],[-108.0138,26.8984],[-108.0451,26.9309],[-108.1487,26.9504],[-108.1973,26.9708],[-108.2541,27.041],[-108.2895,27.0546],[-108.3389,27.0511],[-108.3743,27.0774],[-108.4665,26.9799],[-108.4988,26.8802],[-108.5074,26.8016],[-108.8052,26.5783],[-109.0032,26.4356],[-109.1301,26.3485],[-109.1393,26.3318],[-109.0937,26.2254],[-109.1094,26.2165],[-109.177,26.2625],[-109.1563,26.3081],[-109.2314,26.2634],[-109.2681,26.1799],[-109.2955,26.1726],[-109.2836,26.2406],[-109.2929,26.2369],[-109.3424,26.1348],[-109.3967,26.0769],[-109.4333,26.0217],[-109.4378,25.9427],[-109.4191,25.8959],[-109.4405,25.7934],[-109.3952,25.7437],[-109.3595,25.7629],[-109.288,25.7167],[-109.3005,25.6592],[-109.3295,25.6682],[-109.3739,25.6372],[-109.2629,25.6393],[-109.2245,25.6689],[-109.1712,25.6487],[-109.1444,25.5947],[-109.1137,25.5844],[-109.0417,25.6047],[-108.9894,25.663],[-108.9009,25.7007],[-108.8498,25.7927],[-108.8333,25.7689],[-108.8731,25.7367],[-108.8805,25.6849],[-108.9066,25.6391],[-108.9723,25.58],[-109.0705,25.5805],[-109.1161,25.5363],[-109.0347,25.4652],[-109.0019,25.4999],[-108.9518,25.5039],[-108.9158,25.4675],[-108.8878,25.4897],[-108.8895,25.5633],[-108.7934,25.5363],[-108.769,25.5402],[-108.7674,25.4787],[-108.7299,25.406],[-108.6572,25.3922],[-108.614,25.3433],[-108.5542,25.3078],[-108.4508,25.2694],[-108.3961,25.2142],[-108.3614,25.2694],[-108.3175,25.2285],[-108.3336,25.161],[-108.2524,25.1603],[-108.218,25.1732],[-108.1729,25.1136],[-108.1069,25.1169],[-108.0035,25.0314],[-108.0132,25.0019],[-108.1055,25.0269],[-108.1278,24.9842],[-108.1864,24.9866],[-108.1975,25.0149],[-108.2838,25.1068],[-108.2931,25.0838],[-108.2341,25.0284],[-108.1556,24.883],[-108.1244,24.8446],[-108.0876,24.8231],[-108.0411,24.8384],[-108.0324,24.905],[-108.0492,24.9826],[-108.0361,24.9985],[-107.9852,24.9534],[-108.0057,24.8989],[-108.0008,24.8476],[-107.9716,24.7788],[-107.9949,24.758],[-108.0362,24.7852],[-107.9952,24.6484],[-107.889,24.6238],[-107.8481,24.5903],[-107.8205,24.5952],[-107.7582,24.5478],[-107.7391,24.5073],[-107.7041,24.4879],[-107.6767,24.5016],[-107.6241,24.4585],[-107.5575,24.4995],[-107.5192,24.5114],[-107.4818,24.4328],[-107.4783,24.4001],[-107.5055,24.3706],[-107.5415,24.3651],[-107.6802,24.447],[-107.7692,24.4893],[-107.775,24.4774],[-107.5432,24.3466],[-107.4809,24.2934],[-107.4043,24.2525],[-107.3778,24.2069],[-107.1697,24.0764],[-107.1169,24.0292],[-107.0359,23.9808],[-106.902,23.8466],[-106.861,23.7552],[-106.8134,23.6997],[-106.7932,23.6324],[-106.7506,23.6189],[-106.7035,23.5768],[-106.6665,23.5288],[-106.6404,23.5165],[-106.6118,23.4691],[-106.5228,23.4075],[-106.477,23.3223],[-106.4707,23.295],[-106.4298,23.2304],[-106.4318,23.1932],[-106.3708,23.184],[-106.2773,23.0837],[-106.2203,23.0519],[-106.032,22.8301],[-106.004,22.8301],[-105.9425,22.7817],[-105.8811,22.7128],[-105.8002,22.6385],[-105.767,22.5905],[-105.7576,22.5346],[-105.7241,22.5095]]]]},"properties":{"nombre":"Sinaloa","clave":"MX-SIN"}},
{"type":"Feature","geometry":{"type":"Polygon","coordinates":[[[-90.3811,20.824],[-90.3798,20.7952],[-90.392,20.5472],[-90.3742,20.5185],[-90.2363,20.51],[-90.195,20.4459],[-90.1692,20.4247],[-90.1299,20.4392],[-90.0942,20.4074],[-90.0638,20.4125],[-90.0463,20.4505],[-90.0184,20.4675],[-89.9626,20.387],[-89.9438,20.3232],[-89.8698,20.2686],[-89.8345,20.2085],[-89.8107,20.1374],[-89.7584,20.0878],[-89.6895,20.062],[-89.63,20.0191],[-89.5578,19.8901],[-89.5015,19.8375],[-89.4547,19.777],[-89.4421,19.7062],[-89.4154,19.651],[-89.3702,19.755],[-89.3688,19.8201],[-89.202,19.8417],[-89.1509,19.8931],[-89.0557,19.9318],[-88.9451,19.9359],[-88.9112,19.9487],[-88.8394,20.0139],[-88.7915,19.9812],[-88.79,20.019],[-88.7074,20.0808],[-88.6133,20.1256],[-88.5574,20.1373],[-88.5037,20.1702],[-88.4453,20.1837],[-88.4002,20.234],[-88.3738,20.3006],[-88.3133,20.3164],[-88.2833,20.2651],[-88.2597,20.3005],[-88.2724,20.3434],[-88.2184,20.4326],[-88.1607,20.4592],[-88.1064,20.4283],[-88.0139,20.4347],[-87.9043,20.4863],[-87.8216,20.5527],[-87.7359,20.6133],[-87.6749,20.6479],[-87.6086,20.7756],[-87.5963,20.8411],[-87.534,20.9557],[-87.5388,21.0179],[-87.585,21.1111],[-87.5688,21.2107],[-87.5294,21.2653],[-87.5251,21.2988],[-87.5398,21.4993],[-87.6186,21.5205],[-87.6769,21.5068],[-87.7781,21.5106],[-87.7698,21.5526],[-87.8579,21.5644],[-87.9621,21.6001],[-88.0711,21.603],[-88.1295,21.616],[-88.2102,21.5932],[-88.1952,21.5714],[-88.2827,21.5567],[-88.3693,21.5751],[-88.4478,21.5751],[-88.5235,21.5484],[-88.6055,21.5341],[-88.7027,21.4586],[-88.824,21.4316],[-88.8788,21.4131],[-89.1232,21.3635],[-89.1871,21.3655],[-89.2692,21.343],[-89.4591,21.3251],[-89.5981,21.3019],[-89.6776,21.3019],[-89.786,21.2846],[-89.9215,21.2407],[-89.9822,21.1989],[-90.0995,21.1641],[-90.1336,21.1369],[-90.1995,21.1142],[-90.3324,21.0325],[-90.3601,21.0004],[-90.4222,20.8196],[-90.3811,20.824]]]},"properties":{"nombre":"Yucatán","clave":"MX-YUC"}},
{"type":"Feature","geometry":{"type":"Polygon","coordinates":[[[-97.7819,22.2733],[-97.8628,22.2198],[-97.9128,22.2674],[-97.8952,22.3076],[-97.963,22.3495],[-98.0928,22.3726],[-98.1619,22.4278],[-98.1977,22.4805],[-98.2557,22.4586],[-98.2898,22.4668],[-98.2977,22.4066],[-98.3637,22.4009],[-98.4392,22.4327],[-98.5136,22.4353],[-98.6162,22.4186],[-98.5131,22.3488],[-98.3737,22.2649],[-98.3477,22.2216],[-98.3613,22.1526],[-98.4267,22.0415],[-98.4523,21.9804],[-98.5383,21.9723],[-98.5414,21.9108],[-98.5616,21.8823],[-98.5318,21.8494],[-98.4909,21.8528],[-98.4592,21.8097],[-98.489,21.7527],[-98.5593,21.7274],[-98.5702,21.692],[-98.624,21.6849],[-98.6248,21.6282],[-98.6423,21.6089],[-98.6002,21.5617],[-98.5301,21.5248],[-98.5173,21.4733],[-98.5151,21.3988],[-98.4428,21.3537],[-98.4905,21.2917],[-98.4932,21.2634],[-98.4101,21.1776],[-98.3593,21.1553],[-98.2949,21.2084],[-98.2662,21.197],[-98.2882,21.1434],[-98.2485,21.1235],[-98.2124,21.1506],[-98.1299,21.0722],[-98.2324,20.9383],[-98.2357,20.829],[-98.284,20.8359],[-98.3274,20.861],[-98.3932,20.877],[-98.4245,20.8691],[-98.4191,20.7883],[-98.4841,20.772],[-98.4649,20.7297],[-98.4284,20.7488],[-98.4187,20.7094],[-98.4372,20.6768],[-98.5079,20.6245],[-98.5278,20.5479],[-98.5708,20.4949],[-98.5685,20.4723],[-98.5006,20.3624],[-98.4684,20.3536],[-98.4343,20.3711],[-98.3773,20.4648],[-98.3358,20.435],[-98.2026,20.5814],[-98.1108,20.6884],[-98.0794,20.6971],[-98.0216,20.6608],[-98.0221,20.6179],[-98.0014,20.5807],[-98.0252,20.5408],[-98.0002,20.4845],[-97.9748,20.5035],[-97.9509,20.55],[-97.9443,20.5915],[-97.9504,20.6556],[-97.9359,20.7305],[-97.8962,20.758],[-97.8964,20.8064],[-97.7792,20.8138],[-97.7428,20.7781],[-97.7409,20.7131],[-97.7008,20.6444],[-97.7056,20.6026],[-97.6622,20.6069],[-97.5888,20.5822],[-97.5586,20.5042],[-97.609,20.4344],[-97.6398,20.4158],[-97.6934,20.4658],[-97.727,20.4403],[-97.7697,20.4387],[-97.7698,20.3643],[-97.7595,20.3361],[-97.7741,20.2732],[-97.7223,20.2456],[-97.69,20.1882],[-97.66,20.179],[-97.6055,20.1871],[-97.5951,20.1344],[-97.5431,20.1367],[-97.4894,20.1996],[-97.4704,20.2375],[-97.4035,20.2596],[-97.3601,20.2459],[-97.3013,20.2061],[-97.2289,20.1712],[-97.1529,20.1458],[-97.1355,20.1217],[-97.1542,20.0803],[-97.2688,19.9616],[-97.3105,19.8902],[-97.3021,19.8073],[-97.3075,19.7483],[-97.3245,19.6945],[-97.3729,19.6646],[-97.3924,19.5758],[-97.3565,19.5501],[-97.3592,19.5248],[-97.3206,19.4808],[-97.3474,19.4555],[-97.3987,19.4523],[-97.3868,19.4229],[-97.3412,19.4176],[-97.3168,19.3876],[-97.2696,19.3996],[-97.2258,19.3387],[-97.1125,19.3032],[-97.06,19.3195],[-96.982,19.288],[-97.0375,19.2173],[-97.0817,19.209],[-97.1091,19.1787],[-97.167,19.1938],[-97.2641,19.1604],[-97.2697,19.1057],[-97.2269,18.9134],[-97.2344,18.8848],[-97.2821,18.8685],[-97.3309,18.8099],[-97.339,18.7521],[-97.3104,18.6845],[-97.2692,18.6587],[-97.2209,18.6756],[-97.1364,18.6499],[-97.1199,18.5939],[-97.0914,18.5511],[-97.1093,18.5001],[-97.087,18.4813],[-97.027,18.4834],[-96.9873,18.5135],[-96.9087,18.5332],[-96.8002,18.5505],[-96.7856,18.4783],[-96.7281,18.4102],[-96.6648,18.4765],[-96.6338,18.5358],[-96.6641,18.6689],[-96.5968,18.6124],[-96.5248,18.5798],[-96.4495,18.5641],[-96.411,18.5393],[-96.3775,18.428],[-96.3296,18.3555],[-96.2845,18.327],[-96.2504,18.2842],[-96.2289,18.201],[-96.1801,18.1884],[-96.1702,18.1604],[-96.1093,18.1428],[-96.071,18.1722],[-95.9945,18.1603],[-95.9562,18.1643],[-95.8377,18.1204],[-95.7755,17.9954],[-95.8212,17.9073],[-95.8879,17.8333],[-95.9103,17.7836],[-95.8975,17.7292],[-95.797,17.5375],[-95.7234,17.5023],[-95.6617,17.5264],[-95.6123,17.5154],[-95.5611,17.5349],[-95.5549,17.5571],[-95.4777,17.5911],[-95.4515,17.6244],[-95.3079,17.6727],[-95.2765,17.7157],[-95.2084,17.7323],[-95.1972,17.6965],[-95.2056,17.6484],[-95.2489,17.6177],[-95.2547,17.5826],[-95.1638,17.4806],[-95.0755,17.3911],[-94.9988,17.3604],[-94.9795,17.3197],[-94.9912,17.3007],[-94.9717,17.237],[-94.9385,17.2165],[-94.8736,17.2083],[-94.7531,17.2058],[-94.497,17.1861],[-93.8734,17.1502],[-93.8604,17.1545],[-93.6366,17.3],[-93.5895,17.3755],[-93.6244,17.3893],[-93.6434,17.4208],[-93.6148,17.5465],[-93.6662,17.5865],[-93.7338,17.6715],[-93.814,17.7073],[-93.846,17.7103],[-93.8621,17.7445],[-93.9369,17.7586],[-93.9497,17.8107],[-93.9705,17.8323],[-94.0234,17.8472],[-94.0767,17.882],[-94.0692,17.9661],[-94.0508,17.9937],[-94.0898,18.0727],[-94.096,18.1582],[-94.1256,18.1675],[-94.1371,18.2074],[-94.2071,18.1896],[-94.3542,18.1685],[-94.4669,18.1442],[-94.5309,18.1606],[-94.5809,18.1898],[-94.6283,18.2853],[-94.718,18.3748],[-94.7692,18.4833],[-94.8079,18.5236],[-95.0026,18.5554],[-95.0242,18.564],[-95.0514,18.6123],[-95.2084,18.7086],[-95.3647,18.7033],[-95.4952,18.7073],[-95.5836,18.7217],[-95.6642,18.751],[-95.7328,18.8],[-95.7284,18.7572],[-95.852,18.7168],[-95.8824,18.817],[-95.9365,18.8384],[-95.9148,18.8625],[-95.8795,18.8285],[-95.8246,18.8133],[-95.7528,18.7658],[-95.7528,18.8],[-95.8443,18.8334],[-95.9036,18.8819],[-95.9418,18.939],[-95.9772,19.0583],[-96.0412,19.0657],[-96.0885,19.1153],[-96.1319,19.2359],[-96.1574,19.2252],[-96.2783,19.3146],[-96.2985,19.3542],[-96.3207,19.4388],[-96.3155,19.4822],[-96.36,19.5369],[-96.3937,19.6541],[-96.4051,19.7418],[-96.4561,19.8688],[-96.5099,19.9298],[-96.5751,20.0264],[-96.6411,20.1002],[-96.676,20.1579],[-96.7215,20.1927],[-96.7343,20.221],[-96.8148,20.2904],[-96.9256,20.4103],[-96.9403,20.4492],[-97.0344,20.5146],[-97.1505,20.647],[-97.1983,20.739],[-97.1778,20.7595],[-97.1972,20.8102],[-97.2681,20.9279],[-97.338,21.055],[-97.3975,21.2051],[-97.4968,21.4006],[-97.4894,21.4808],[-97.5307,21.4763],[-97.5776,21.501],[-97.6576,21.6365],[-97.6726,21.6753],[-97.6881,21.7608],[-97.7084,21.8275],[-97.7197,21.9518],[-97.6476,21.8843],[-97.6251,21.7944],[-97.4869,21.6364],[-97.379,21.5543],[-97.3743,21.5043],[-97.3907,21.4726],[-97.4194,21.4768],[-97.4722,21.4378],[-97.4317,21.3423],[-97.3982,21.3416],[-97.3479,21.4179],[-97.3192,21.5198],[-97.3162,21.5609],[-97.3423,21.603],[-97.4138,21.6467],[-97.5081,21.7228],[-97.6105,21.8358],[-97.7606,22.0959],[-97.7714,22.1317],[-97.7743,22.2535],[-97.7819,22.2733]]]},"properties":{"nombre":"Veracruz","clave":"MX-VER"}},
{"type":"Feature","geometry":{"type":"Polygon","coordinates":[[[-104.5926,19.1496],[-104.5923,19.1725],[-104.5509,19.2127],[-104.5364,19.2489],[-104.4992,19.2495],[-104.4206,19.288],[-104.3847,19.2705],[-104.3065,19.2916],[-104.2726,19.3149],[-104.2145,19.3204],[-104.1903,19.3697],[-104.1522,19.3982],[-104.1222,19.4726],[-104.0558,19.5372],[-104.0249,19.4872],[-103.9307,19.4351],[-103.8335,19.3976],[-103.8014,19.4222],[-103.7441,19.4269],[-103.6737,19.4885],[-103.6353,19.4871],[-103.6006,19.4078],[-103.5648,19.3885],[-103.5446,19.3484],[-103.4965,19.3161],[-103.507,19.268],[-103.4948,19.1952],[-103.5252,19.0925],[-103.4916,19.0193],[-103.4778,18.9664],[-103.4509,18.9753],[-103.3481,18.9778],[-103.2963,19.0477],[-103.2681,19.0468],[-103.2423,19.0129],[-103.2113,19.0151],[-103.1668,18.9636],[-103.1315,18.9679],[-103.1223,19.0061],[-103.0694,19.0322],[-102.9883,19.0584],[-102.9545,19.0973],[-102.9366,19.153],[-102.8844,19.2025],[-102.7867,19.2307],[-102.7712,19.2527],[-102.728,19.2575],[-102.6575,19.2311],[-102.5964,19.313],[-102.5977,19.3401],[-102.5486,19.3869],[-102.5753,19.4127],[-102.5978,19.481],[-102.6142,19.4909],[-102.7074,19.468],[-102.7457,19.4756],[-102.7375,19.5823],[-102.7665,19.6589],[-102.7965,19.6887],[-102.8166,19.7905],[-102.8098,19.8209],[-102.7286,19.8389],[-102.7068,19.8615],[-102.7572,19.891],[-102.7726,19.9571],[-102.888,19.9616],[-102.9339,19.9904],[-103.0364,19.9704],[-103.0738,19.9973],[-103.0857,20.0817],[-103.0482,20.1204],[-102.7814,20.1874],[-102.7535,20.2117],[-102.6778,20.2182],[-102.6278,20.2354],[-102.5921,20.2666],[-102.528,20.2841],[-102.4983,20.3147],[-102.4213,20.3426],[-102.2973,20.3622],[-102.2428,20.3404],[-102.1831,20.3548],[-102.0997,20.3868],[-102.0607,20.4683],[-101.9806,20.5553],[-101.9675,20.5874],[-101.9769,20.6286],[-102.0072,20.6645],[-102.0851,20.7293],[-102.0879,20.7907],[-102.0456,20.8725],[-101.9482,21.0215],[-101.8832,21.0981],[-101.855,21.1484],[-101.813,21.1763],[-101.7719,21.2301],[-101.6875,21.2361],[-101.6114,21.2942],[-101.5727,21.3476],[-101.5746,21.4243],[-101.6369,21.5167],[-101.6401,21.5534],[-101.6151,21.5847],[-101.5383,21.6369],[-101.5334,21.6684],[-101.5788,21.7311],[-101.5797,21.7785],[-101.5205,21.8409],[-101.5288,21.8765],[-101.5779,21.8809],[-101.6231,21.9307],[-101.6935,21.9634],[-101.7642,21.9628],[-101.8454,22.0175],[-101.8917,21.9557],[-101.9676,21.921],[-101.998,21.8878],[-102.0491,21.8659],[-102.0799,21.7679],[-102.1458,21.7443],[-102.2312,21.6777],[-102.2863,21.6702],[-102.468,21.6946],[-102.5142,21.7061],[-102.6303,21.773],[-102.6614,21.7778],[-102.7605,21.7488],[-102.7825,21.6538],[-102.7762,21.6078],[-102.7107,21.5772],[-102.6405,21.5683],[-102.6341,21.5342],[-102.6471,21.4873],[-102.6857,21.401],[-102.7336,21.376],[-102.7686,21.3387],[-102.8321,21.338],[-102.9149,21.2823],[-102.9764,21.278],[-103.0241,21.2914],[-103.0559,21.2658],[-103.0475,21.074],[-103.083,21.0418],[-103.1363,21.0738],[-103.1942,21.0678],[-103.2317,21.0791],[-103.3638,21.1504],[-103.401,21.1624],[-103.4649,21.1621],[-103.508,21.1961],[-103.5914,21.193],[-103.6256,21.2089],[-103.6371,21.2546],[-103.6744,21.2603],[-103.7362,21.2272],[-103.7499,21.2411],[-103.7465,21.2973],[-103.7139,21.3295],[-103.7043,21.3842],[-103.7143,21.4556],[-103.7339,21.5249],[-103.6663,21.4879],[-103.6261,21.4984],[-103.5919,21.5587],[-103.5193,21.6003],[-103.5219,21.7359],[-103.5424,21.7897],[-103.5268,21.8172],[-103.4007,21.9288],[-103.3178,21.9496],[-103.289,21.9855],[-103.205,21.9774],[-103.1561,21.9984],[-103.1293,22.0567],[-103.0895,22.0746],[-103.0859,22.1246],[-103.1292,22.1403],[-103.1271,22.1741],[-103.0908,22.182],[-103.0457,22.2515],[-103.055,22.306],[-103.0924,22.2983],[-103.1022,22.3307],[-103.1318,22.3383],[-103.1891,22.3222],[-103.1852,22.3805],[-103.2458,22.4182],[-103.3728,22.5168],[-103.4271,22.4176],[-103.3586,22.3488],[-103.3908,22.3287],[-103.4064,22.259],[-103.4476,22.2418],[-103.4886,22.1349],[-103.5694,22.1517],[-103.6031,22.1232],[-103.6421,22.1128],[-103.6783,22.1369],[-103.6633,22.2394],[-103.683,22.322],[-103.6504,22.4345],[-103.608,22.5244],[-103.6383,22.5387],[-103.6569,22.5913],[-103.7388,22.5989],[-103.7611,22.5596],[-103.7932,22.4149],[-103.8482,22.1973],[-103.8804,22.2298],[-103.889,22.3445],[-103.8664,22.4087],[-103.8874,22.4671],[-103.8537,22.4914],[-103.8513,22.5685],[-103.795,22.624],[-103.7787,22.7347],[-103.9832,22.7716],[-103.9918,22.5743],[-103.9377,22.5203],[-103.9261,22.4902],[-103.9482,22.3788],[-103.9588,22.3648],[-104.0296,22.3512],[-104.1318,22.3434],[-104.1801,22.3288],[-104.3297,22.2644],[-104.3987,22.0854],[-104.3931,22.0698],[-104.216,21.9163],[-104.0984,21.7845],[-104.1344,21.6939],[-104.1581,21.5968],[-104.2103,21.5192],[-104.0786,21.4446],[-103.9447,21.3752],[-103.9623,21.347],[-103.9626,21.3044],[-103.9826,21.2705],[-104.0397,21.2198],[-104.0824,21.2051],[-104.2017,21.1986],[-104.2241,21.1693],[-104.2037,21.0521],[-104.2129,20.9725],[-104.2711,20.8615],[-104.2829,20.7997],[-104.2856,20.708],[-104.3528,20.7441],[-104.378,20.7796],[-104.478,20.8442],[-104.5229,20.9066],[-104.5439,20.9178],[-104.621,20.9231],[-104.7279,21.0097],[-104.7973,21.0176],[-104.9243,20.9312],[-105.0334,20.9172],[-105.0574,20.9368],[-105.0946,20.9181],[-105.1528,20.8577],[-105.267,20.6992],[-105.2908,20.6852],[-105.2343,20.6361],[-105.2436,20.5836],[-105.3287,20.5137],[-105.4292,20.5059],[-105.4604,20.4926],[-105.5756,20.4877],[-105.6831,20.4237],[-105.6987,20.4069],[-105.6557,20.3132],[-105.6286,20.3],[-105.5532,20.2015],[-105.5453,20.0916],[-105.5256,20.0319],[-105.4286,19.8893],[-105.3517,19.8045],[-105.2983,19.7186],[-105.2508,19.6661],[-105.1518,19.5842],[-105.1169,19.5856],[-105.0877,19.5611],[-105.086,19.5057],[-105.0701,19.4478],[-105.0393,19.4356],[-105.0171,19.3685],[-104.9579,19.3181],[-104.8805,19.2791],[-104.8157,19.2996],[-104.7991,19.2831],[-104.8069,19.2291],[-104.7336,19.2285],[-104.6919,19.2076],[-104.684,19.1835],[-104.5926,19.1496]]]},"properties":{"nombre":"Jalisco","clave":"MX-JAL"}},
{"type":"Feature","geometry":{"type":"Polygon","coordinates":[[[-102.1689,17.9212],[-102.1513,17.9587],[-102.1789,18.0206],[-102.1791,18.0785],[-102.1591,18.1624],[-102.1231,18.1877],[-101.9411,18.2047],[-101.8884,18.2727],[-101.8747,18.3203],[-101.8933,18.4586],[-101.8806,18.5228],[-101.8388,18.5765],[-101.7599,18.5897],[-101.6451,18.5798],[-101.6177,18.562],[-101.593,18.5181],[-101.5368,18.4848],[-101.4918,18.4771],[-101.4375,18.486],[-101.2806,18.526],[-101.2571,18.5371],[-101.0963,18.5285],[-101.0244,18.5388],[-100.9923,18.5029],[-100.8184,18.4977],[-100.7407,18.4359],[-100.6996,18.4411],[-100.6943,18.4073],[-100.7202,18.3777],[-100.6892,18.3259],[-100.6549,18.3572],[-100.6324,18.3371],[-100.6058,18.3791],[-100.6097,18.4178],[-100.7319,18.5074],[-100.746,18.5952],[-100.7717,18.6842],[-100.7453,18.7344],[-100.7889,18.7823],[-100.7506,18.8477],[-100.7134,18.8553],[-100.6848,18.7941],[-100.6236,18.8706],[-100.5649,18.9285],[-100.5273,18.9494],[-100.5229,18.9907],[-100.4398,19.0827],[-100.2988,19.2585],[-100.3301,19.3229],[-100.1586,19.4198],[-100.2145,19.565],[-100.1655,19.7106],[-100.1712,19.7563],[-100.1326,19.8871],[-100.1228,19.938],[-100.1767,19.9785],[-100.1765,20.0862],[-100.1978,20.1439],[-100.2357,20.1909],[-100.286,20.2134],[-100.3493,20.1224],[-100.3809,20.1206],[-100.3988,20.0743],[-100.3789,20.0057],[-100.396,19.9643],[-100.4674,19.9594],[-100.543,19.9111],[-100.5608,19.9472],[-100.7267,19.9371],[-100.7333,19.9077],[-100.7746,19.9105],[-100.8296,19.9756],[-100.8586,19.9446],[-100.9145,19.9252],[-100.9477,19.9268],[-101.0172,19.9513],[-101.045,19.9922],[-100.9864,20.0234],[-100.9989,20.09],[-101.0454,20.0998],[-101.1055,20.086],[-101.1634,20.1016],[-101.1941,20.0348],[-101.2348,20.0304],[-101.2862,20.047],[-101.3534,20.0547],[-101.3932,20.0393],[-101.4197,20.0536],[-101.4088,20.1359],[-101.425,20.1642],[-101.4115,20.1928],[-101.4341,20.2248],[-101.3865,20.2557],[-101.3828,20.287],[-101.4543,20.3071],[-101.4803,20.3311],[-101.5363,20.3349],[-101.6078,20.3203],[-101.6384,20.2344],[-101.6896,20.2012],[-101.8286,20.2099],[-101.9051,20.2033],[-101.9325,20.2519],[-101.9493,20.366],[-101.9821,20.3695],[-101.9956,20.4031],[-102.0997,20.3868],[-102.1831,20.3548],[-102.2428,20.3404],[-102.2973,20.3622],[-102.4213,20.3426],[-102.4983,20.3147],[-102.528,20.2841],[-102.5921,20.2666],[-102.6278,20.2354],[-102.6778,20.2182],[-102.7535,20.2117],[-102.7814,20.1874],[-103.0482,20.1204],[-103.0857,20.0817],[-103.0738,19.9973],[-103.0364,19.9704],[-102.9339,19.9904],[-102.888,19.9616],[-102.7726,19.9571],[-102.7572,19.891],[-102.7068,19.8615],[-102.7286,19.8389],[-102.8098,19.8209],[-102.8166,19.7905],[-102.7965,19.6887],[-102.7665,19.6589],[-102.7375,19.5823],[-102.7457,19.4756],[-102.7074,19.468],[-102.6142,19.4909],[-102.5978,19.481],[-102.5753,19.4127],[-102.5486,19.3869],[-102.5977,19.3401],[-102.5964,19.313],[-102.6575,19.2311],[-102.728,19.2575],[-102.7712,19.2527],[-102.7867,19.2307],[-102.8844,19.2025],[-102.9366,19.153],[-102.9545,19.0973],[-102.9883,19.0584],[-103.0694,19.0322],[-103.1223,19.0061],[-103.1315,18.9679],[-103.1668,18.9636],[-103.2113,19.0151],[-103.2423,19.0129],[-103.2681,19.0468],[-103.2963,19.0477],[-103.3481,18.9778],[-103.4509,18.9753],[-103.4778,18.9664],[-103.5249,18.9151],[-103.586,18.8821],[-103.6066,18.892],[-103.627,18.8024],[-103.6791,18.7789],[-103.7081,18.7168],[-103.742,18.6904],[-103.6862,18.6286],[-103.71,18.6012],[-103.629,18.548],[-103.5751,18.4923],[-103.4984,18.3335],[-103.4242,18.3032],[-103.3616,18.2668],[-103.3437,18.271],[-103.2391,18.232],[-103.2212,18.2341],[-103.1135,18.1921],[-103.0244,18.1858],[-102.8794,18.1221],[-102.7423,18.067],[-102.5972,18.0491],[-102.514,18.0206],[-102.2886,17.9616],[-102.1906,17.916],[-102.1689,17.9212]]]},"properties":{"nombre":"Michoacán","clave":"MX-MIC"}},
{"type":"Feature","geometry":{"type":"Polygon","coordinates":[[[-98.5545,16.3183],[-98.5194,16.3507],[-98.4737,16.3658],[-98.3933,16.3721],[-98.3685,16.3852],[-98.3219,16.4372],[-98.3153,16.4675],[-98.3455,16.5245],[-98.3332,16.5661],[-98.3074,16.5777],[-98.2356,16.5783],[-98.2197,16.6181],[-98.2402,16.7026],[-98.1606,16.7053],[-98.1219,16.7236],[-98.0729,16.7791],[-98.059,16.9004],[-98.0184,16.9621],[-98.003,17.0259],[-98.1029,17.1634],[-98.1496,17.2151],[-98.2276,17.2229],[-98.2722,17.2945],[-98.3111,17.3071],[-98.3308,17.3372],[-98.3177,17.3967],[-98.3327,17.4242],[-98.3277,17.4788],[-98.374,17.5278],[-98.3623,17.5897],[-98.3887,17.6406],[-98.3572,17.7815],[-98.328,17.858],[-98.3478,17.8922],[-98.417,17.9603],[-98.5552,17.9519],[-98.7051,17.9907],[-98.7884,18.0342],[-98.8156,18.0696],[-98.8295,18.1163],[-98.9055,18.1309],[-98.9266,18.1561],[-98.9301,18.1951],[-98.9692,18.1855],[-99.0307,18.2527],[-99.0473,18.2889],[-99.0497,18.3499],[-99.059,18.3846],[-99.1025,18.4286],[-99.1415,18.4966],[-99.1505,18.543],[-99.1967,18.5579],[-99.2283,18.5262],[-99.2447,18.4539],[-99.3314,18.4529],[-99.3446,18.498],[-99.3776,18.4991],[-99.41,18.5281],[-99.4676,18.6147],[-99.5074,18.6241],[-99.4955,18.6741],[-99.5368,18.6703],[-99.5743,18.6864],[-99.6398,18.7559],[-99.6603,18.7638],[-99.7473,18.6918],[-99.7578,18.6476],[-99.7848,18.6218],[-99.8497,18.6633],[-99.899,18.6551],[-100.0308,18.6159],[-100.0712,18.6096],[-100.1086,18.5391],[-100.1479,18.4913],[-100.2748,18.392],[-100.3269,18.4028],[-100.3665,18.4554],[-100.3495,18.5327],[-100.3711,18.5749],[-100.4329,18.6474],[-100.448,18.718],[-100.4268,18.775],[-100.4552,18.8436],[-100.5474,18.8497],[-100.6236,18.8706],[-100.6848,18.7941],[-100.7134,18.8553],[-100.7506,18.8477],[-100.7889,18.7823],[-100.7453,18.7344],[-100.7717,18.6842],[-100.746,18.5952],[-100.7319,18.5074],[-100.6097,18.4178],[-100.6058,18.3791],[-100.6324,18.3371],[-100.6549,18.3572],[-100.6892,18.3259],[-100.7202,18.3777],[-100.6943,18.4073],[-100.6996,18.4411],[-100.7407,18.4359],[-100.8184,18.4977],[-100.9923,18.5029],[-101.0244,18.5388],[-101.0963,18.5285],[-101.2571,18.5371],[-101.2806,18.526],[-101.4375,18.486],[-101.4918,18.4771],[-101.5368,18.4848],[-101.593,18.5181],[-101.6177,18.562],[-101.6451,18.5798],[-101.7599,18.5897],[-101.8388,18.5765],[-101.8806,18.5228],[-101.8933,18.4586],[-101.8747,18.3203],[-101.8884,18.2727],[-101.9411,18.2047],[-102.1231,18.1877],[-102.1591,18.1624],[-102.1791,18.0785],[-102.1789,18.0206],[-102.1513,17.9587],[-102.1689,17.9212],[-102.1005,17.9823],[-102.0367,17.9907],[-101.932,17.9503],[-101.8111,17.8903],[-101.773,17.8482],[-101.7455,17.7922],[-101.6719,17.7403],[-101.6477,17.7053],[-101.6445,17.6683],[-101.5951,17.6353],[-101.4965,17.6144],[-101.4407,17.5572],[-101.4558,17.5263],[-101.2631,17.4562],[-101.1822,17.4125],[-101.1718,17.3898],[-101.1051,17.3503],[-101.0551,17.3026],[-101.0428,17.2702],[-101.0082,17.253],[-100.78,17.1804],[-100.7132,17.1521],[-100.5646,17.1053],[-100.3198,17.0226],[-100.1152,16.9482],[-99.9917,16.9097],[-99.9079,16.8463],[-99.8582,16.8514],[-99.8405,16.8087],[-99.7412,16.7306],[-99.6891,16.7069],[-99.6054,16.6828],[-99.4945,16.6858],[-99.3743,16.6679],[-99.1438,16.6109],[-98.9465,16.5503],[-98.8565,16.5282],[-98.8462,16.5465],[-98.7769,16.5551],[-98.6981,16.462],[-98.5824,16.3607],[-98.5545,16.3183]]]},"properties":{"nombre":"Guerrero","clave":"MX-GRO"}},
{"type":"Feature","geometry":{"type":"Polygon","coordinates":[[[-94.1149,16.0572],[-94.094,16.099],[-94.1836,16.1204],[-94.23,16.1633],[-94.2748,16.1657],[-94.2926,16.1411],[-94.3455,16.1632],[-94.4369,16.2228],[-94.4142,16.234],[-94.4173,16.2925],[-94.3636,16.287],[-94.3071,16.2376],[-94.2242,16.2036],[-94.1278,16.2209],[-94.1164,16.1791],[-94.0836,16.1489],[-94.0524,16.1987],[-94.0369,16.2733],[-94.052,16.3363],[-94.1055,16.4517],[-94.1251,16.5088],[-94.1049,16.5504],[-94.0481,16.6235],[-94.0354,16.6626],[-94.0447,16.7803],[-94.029,16.8132],[-93.9113,16.8807],[-93.9053,17.0005],[-93.8681,17.0122],[-93.8648,17.0963],[-93.8734,17.1502],[-94.497,17.1861],[-94.7531,17.2058],[-94.8736,17.2083],[-94.9385,17.2165],[-94.9717,17.237],[-94.9912,17.3007],[-94.9795,17.3197],[-94.9988,17.3604],[-95.0755,17.3911],[-95.1638,17.4806],[-95.2547,17.5826],[-95.2489,17.6177],[-95.2056,17.6484],[-95.1972,17.6965],[-95.2084,17.7323],[-95.2765,17.7157],[-95.3079,17.6727],[-95.4515,17.6244],[-95.4777,17.5911],[-95.5549,17.5571],[-95.5611,17.5349],[-95.6123,17.5154],[-95.6617,17.5264],[-95.7234,17.5023],[-95.797,17.5375],[-95.8975,17.7292],[-95.9103,17.7836],[-95.8879,17.8333],[-95.8212,17.9073],[-95.7755,17.9954],[-95.8377,18.1204],[-95.9562,18.1643],[-95.9945,18.1603],[-96.071,18.1722],[-96.1093,18.1428],[-96.1702,18.1604],[-96.1801,18.1884],[-96.2289,18.201],[-96.2504,18.2842],[-96.2845,18.327],[-96.3296,18.3555],[-96.3775,18.428],[-96.411,18.5393],[-96.4495,18.5641],[-96.5248,18.5798],[-96.5968,18.6124],[-96.6641,18.6689],[-96.6338,18.5358],[-96.6648,18.4765],[-96.7281,18.4102],[-96.7322,18.3902],[-96.7895,18.2837],[-96.8811,18.244],[-96.927,18.203],[-96.9672,18.1445],[-97.0257,18.1223],[-97.1347,18.1521],[-97.1879,18.1763],[-97.2509,18.1697],[-97.3136,18.1446],[-97.3556,18.111],[-97.3881,18.0677],[-97.427,17.9901],[-97.4531,17.9783],[-97.493,17.9937],[-97.532,18.0508],[-97.5363,18.0948],[-97.6402,18.1705],[-97.6425,18.2022],[-97.6056,18.3204],[-97.6061,18.3604],[-97.6729,18.3185],[-97.7249,18.3022],[-97.8178,18.137],[-97.8027,18.1058],[-97.7564,18.0674],[-97.7325,18.0048],[-97.8081,17.9352],[-97.8576,17.9155],[-97.8907,17.9374],[-97.9045,18.0083],[-97.9251,18.0359],[-97.996,18.0233],[-98.149,18.0263],[-98.1731,18.0175],[-98.2156,17.9384],[-98.2428,17.9138],[-98.3098,17.923],[-98.3478,17.8922],[-98.328,17.858],[-98.3572,17.7815],[-98.3887,17.6406],[-98.3623,17.5897],[-98.374,17.5278],[-98.3277,17.4788],[-98.3327,17.4242],[-98.3177,17.3967],[-98.3308,17.3372],[-98.3111,17.3071],[-98.2722,17.2945],[-98.2276,17.2229],[-98.1496,17.2151],[-98.1029,17.1634],[-98.003,17.0259],[-98.0184,16.9621],[-98.059,16.9004],[-98.0729,16.7791],[-98.1219,16.7236],[-98.1606,16.7053],[-98.2402,16.7026],[-98.2197,16.6181],[-98.2356,16.5783],[-98.3074,16.5777],[-98.3332,16.5661],[-98.3455,16.5245],[-98.3153,16.4675],[-98.3219,16.4372],[-98.3685,16.3852],[-98.3933,16.3721],[-98.4737,16.3658],[-98.5194,16.3507],[-98.5545,16.3183],[-98.4453,16.2781],[-98.3158,16.2557],[-98.2159,16.2247],[-98.1782,16.2342],[-98.1238,16.2092],[-98.0852,16.1651],[-97.9444,16.0874],[-97.8357,16.0106],[-97.7727,15.9795],[-97.6817,15.9622],[-97.66,15.9765],[-97.5574,15.9622],[-97.5297,15.9682],[-97.4592,15.945],[-97.3686,15.9346],[-97.3455,15.9459],[-97.266,15.9359],[-97.1607,15.9038],[-97.0761,15.8566],[-97.0223,15.8072],[-96.9307,15.7827],[-96.8451,15.7326],[-96.8037,15.7318],[-96.681,15.7094],[-96.556,15.659],[-96.4861,15.6608],[-96.4311,15.6959],[-96.3619,15.684],[-96.2366,15.6833],[-96.1255,15.7379],[-96.1277,15.7526],[-95.9599,15.8279],[-95.8008,15.8705],[-95.7551,15.8993],[-95.6623,15.9116],[-95.5724,15.9571],[-95.4345,15.9754],[-95.4255,15.9994],[-95.3726,16.0275],[-95.3533,16.0795],[-95.3054,16.0935],[-95.2485,16.1342],[-95.2332,16.1582],[-95.161,16.1632],[-95.1493,16.187],[-95.0653,16.1836],[-94.8959,16.2117],[-94.8191,16.2137],[-94.8055,16.2371],[-94.8964,16.2344],[-94.9012,16.2465],[-94.9994,16.251],[-95.0638,16.2683],[-95.0333,16.3265],[-94.975,16.3265],[-94.9214,16.3953],[-94.8521,16.4289],[-94.8074,16.3948],[-94.7633,16.2935],[-94.7211,16.3122],[-94.6544,16.3636],[-94.5808,16.3265],[-94.5871,16.2824],[-94.6254,16.2565],[-94.7118,16.2303],[-94.701,16.1956],[-94.6224,16.2023],[-94.5796,16.1898],[-94.4396,16.1868],[-94.3922,16.1777],[-94.3438,16.1477],[-94.1149,16.0572]]]},"properties":{"nombre":"Oaxaca","clave":"MX-OAX"}},
{"type":"Feature","geometry":{"type":"Polygon","coordinates":[[[-98.6409,19.4619],[-98.6475,19.5133],[-98.6937,19.5324],[-98.7091,19.5829],[-98.6595,19.5855],[-98.6015,19.6974],[-98.6051,19.741],[-98.6518,19.806],[-98.6977,19.8504],[-98.7452,19.8406],[-98.7833,19.8519],[-98.8348,19.8864],[-98.9157,19.8043],[-98.9663,19.8215],[-98.9538,19.8765],[-98.9426,19.9904],[-98.9647,20.0233],[-99.0177,20.0421],[-99.0501,20.0352],[-99.1369,19.9932],[-99.2021,19.9791],[-99.2165,19.9046],[-99.2712,19.8808],[-99.287,19.822],[-99.3212,19.8254],[-99.3866,19.7563],[-99.3995,19.8212],[-99.4204,19.8372],[-99.4245,19.8784],[-99.4472,19.9102],[-99.4955,19.9248],[-99.5186,19.9531],[-99.4858,20.061],[-99.5487,20.1576],[-99.6256,20.1593],[-99.6415,20.1291],[-99.7165,20.1838],[-99.7681,20.2381],[-99.7919,20.2821],[-99.8441,20.3089],[-99.9377,20.2523],[-99.8885,20.1905],[-99.9509,20.1709],[-100.014,20.097],[-100.1228,19.938],[-100.1326,19.8871],[-100.1712,19.7563],[-100.1655,19.7106],[-100.2145,19.565],[-100.1586,19.4198],[-100.3301,19.3229],[-100.2988,19.2585],[-100.4398,19.0827],[-100.5229,18.9907],[-100.5273,18.9494],[-100.5649,18.9285],[-100.6236,18.8706],[-100.5474,18.8497],[-100.4552,18.8436],[-100.4268,18.775],[-100.448,18.718],[-100.4329,18.6474],[-100.3711,18.5749],[-100.3495,18.5327],[-100.3665,18.4554],[-100.3269,18.4028],[-100.2748,18.392],[-100.1479,18.4913],[-100.1086,18.5391],[-100.0712,18.6096],[-100.0308,18.6159],[-99.899,18.6551],[-99.8497,18.6633],[-99.7848,18.6218],[-99.7578,18.6476],[-99.7473,18.6918],[-99.6603,18.7638],[-99.6398,18.7559],[-99.5743,18.6864],[-99.5368,18.6703],[-99.4955,18.6741],[-99.4724,18.8005],[-99.4369,18.8239],[-99.3908,18.8956],[-99.3076,18.9348],[-99.3061,18.9784],[-99.3335,19.0298],[-99.3225,19.1047],[-99.2851,19.1424],[-99.3067,19.1685],[-99.3329,19.2977],[-99.3093,19.3626],[-99.2597,19.3609],[-99.2375,19.4044],[-99.1754,19.4816],[-99.1529,19.4918],[-99.1549,19.5396],[-99.1237,19.5711],[-99.095,19.5133],[-99.0707,19.4888],[-99.0387,19.4273],[-99.0573,19.4046],[-99.0451,19.3631],[-98.99,19.3365],[-98.9685,19.3081],[-98.9587,19.2614],[-98.9664,19.2012],[-98.9422,19.1214],[-98.964,19.0891],[-98.8933,19.0726],[-98.8401,19.0446],[-98.8149,18.9743],[-98.7612,18.9612],[-98.7098,18.9699],[-98.6891,19.0031],[-98.6464,19.0236],[-98.6549,19.0814],[-98.6512,19.1698],[-98.6328,19.1896],[-98.651,19.3043],[-98.6717,19.3899],[-98.6409,19.4619]]]},"properties":{"nombre":"México","clave":"MX-MEX"}},
{"type":"Feature","geometry":{"type":"Polygon","coordinates":[[[-98.6464,19.0236],[-98.6551,18.9461],[-98.6763,18.9215],[-98.6582,18.8913],[-98.6935,18.8631],[-98.7334,18.8119],[-98.6656,18.7023],[-98.6914,18.6831],[-98.75,18.6919],[-98.73,18.5918],[-98.7031,18.541],[-98.6769,18.4275],[-98.7179,18.4346],[-98.7708,18.4803],[-98.8072,18.4948],[-98.8778,18.4805],[-98.9292,18.4371],[-98.9403,18.4036],[-99.0074,18.3781],[-99.0497,18.3499],[-99.0473,18.2889],[-99.0307,18.2527],[-98.9692,18.1855],[-98.9301,18.1951],[-98.9266,18.1561],[-98.9055,18.1309],[-98.8295,18.1163],[-98.8156,18.0696],[-98.7884,18.0342],[-98.7051,17.9907],[-98.5552,17.9519],[-98.417,17.9603],[-98.3478,17.8922],[-98.3098,17.923],[-98.2428,17.9138],[-98.2156,17.9384],[-98.1731,18.0175],[-98.149,18.0263],[-97.996,18.0233],[-97.9251,18.0359],[-97.9045,18.0083],[-97.8907,17.9374],[-97.8576,17.9155],[-97.8081,17.9352],[-97.7325,18.0048],[-97.7564,18.0674],[-97.8027,18.1058],[-97.8178,18.137],[-97.7249,18.3022],[-97.6729,18.3185],[-97.6061,18.3604],[-97.6056,18.3204],[-97.6425,18.2022],[-97.6402,18.1705],[-97.5363,18.0948],[-97.532,18.0508],[-97.493,17.9937],[-97.4531,17.9783],[-97.427,17.9901],[-97.3881,18.0677],[-97.3556,18.111],[-97.3136,18.1446],[-97.2509,18.1697],[-97.1879,18.1763],[-97.1347,18.1521],[-97.0257,18.1223],[-96.9672,18.1445],[-96.927,18.203],[-96.8811,18.244],[-96.7895,18.2837],[-96.7322,18.3902],[-96.7281,18.4102],[-96.7856,18.4783],[-96.8002,18.5505],[-96.9087,18.5332],[-96.9873,18.5135],[-97.027,18.4834],[-97.087,18.4813],[-97.1093,18.5001],[-97.0914,18.5511],[-97.1199,18.5939],[-97.1364,18.6499],[-97.2209,18.6756],[-97.2692,18.6587],[-97.3104,18.6845],[-97.339,18.7521],[-97.3309,18.8099],[-97.2821,18.8685],[-97.2344,18.8848],[-97.2269,18.9134],[-97.2697,19.1057],[-97.2641,19.1604],[-97.167,19.1938],[-97.1091,19.1787],[-97.0817,19.209],[-97.0375,19.2173],[-96.982,19.288],[-97.06,19.3195],[-97.1125,19.3032],[-97.2258,19.3387],[-97.2696,19.3996],[-97.3168,19.3876],[-97.3412,19.4176],[-97.3868,19.4229],[-97.3987,19.4523],[-97.3474,19.4555],[-97.3206,19.4808],[-97.3592,19.5248],[-97.3565,19.5501],[-97.3924,19.5758],[-97.3729,19.6646],[-97.3245,19.6945],[-97.3075,19.7483],[-97.3021,19.8073],[-97.3105,19.8902],[-97.2688,19.9616],[-97.1542,20.0803],[-97.1355,20.1217],[-97.1529,20.1458],[-97.2289,20.1712],[-97.3013,20.2061],[-97.3601,20.2459],[-97.4035,20.2596],[-97.4704,20.2375],[-97.4894,20.1996],[-97.5431,20.1367],[-97.5951,20.1344],[-97.6055,20.1871],[-97.66,20.179],[-97.69,20.1882],[-97.7223,20.2456],[-97.7741,20.2732],[-97.7595,20.3361],[-97.7698,20.3643],[-97.7697,20.4387],[-97.727,20.4403],[-97.6934,20.4658],[-97.6398,20.4158],[-97.609,20.4344],[-97.5586,20.5042],[-97.5888,20.5822],[-97.6622,20.6069],[-97.7056,20.6026],[-97.7008,20.6444],[-97.7409,20.7131],[-97.7428,20.7781],[-97.7792,20.8138],[-97.8964,20.8064],[-97.8962,20.758],[-97.9359,20.7305],[-97.9504,20.6556],[-97.9443,20.5915],[-97.9509,20.55],[-97.9748,20.5035],[-98.0002,20.4845],[-98.0525,20.4277],[-98.1161,20.3934],[-98.1594,20.3297],[-98.2355,20.3145],[-98.2755,20.2422],[-98.2459,20.2024],[-98.1605,20.2227],[-98.1353,20.2103],[-98.1208,20.1374],[-98.101,20.0862],[-98.1575,20.0276],[-98.1726,19.9719],[-98.245,19.8713],[-98.2436,19.8262],[-98.1704,19.7056],[-98.1431,19.6728],[-98.0887,19.672],[-98.0436,19.7186],[-98.0282,19.6918],[-98.0346,19.6361],[-97.9816,19.6206],[-97.9408,19.5798],[-97.8426,19.5435],[-97.8786,19.5115],[-97.8445,19.4363],[-97.7947,19.4568],[-97.759,19.4479],[-97.7043,19.3899],[-97.6412,19.3728],[-97.6128,19.3463],[-97.6204,19.3195],[-97.6681,19.2839],[-97.7294,19.305],[-97.7755,19.2964],[-97.8276,19.3114],[-97.8778,19.2781],[-97.8752,19.2446],[-97.8467,19.2119],[-97.8844,19.1662],[-97.9291,19.1585],[-98.0501,19.2092],[-98.1083,19.1349],[-98.1935,19.1065],[-98.2157,19.1125],[-98.2525,19.1619],[-98.3517,19.2414],[-98.3755,19.2937],[-98.433,19.3441],[-98.4659,19.4383],[-98.4927,19.4543],[-98.5483,19.4379],[-98.6409,19.4619],[-98.6717,19.3899],[-98.651,19.3043],[-98.6328,19.1896],[-98.6512,19.1698],[-98.6549,19.0814],[-98.6464,19.0236]]]},"properties":{"nombre":"Puebla","clave":"MX-PUE"}},
{"type":"Feature","geometry":{"type":"Polygon","coordinates":[[[-98.6464,19.0236],[-98.6891,19.0031],[-98.7098,18.9699],[-98.7612,18.9612],[-98.8149,18.9743],[-98.8401,19.0446],[-98.8933,19.0726],[-98.964,19.0891],[-99.0178,19.0864],[-99.0428,19.0578],[-99.1309,19.0955],[-99.2291,19.1092],[-99.2851,19.1424],[-99.3225,19.1047],[-99.3335,19.0298],[-99.3061,18.9784],[-99.3076,18.9348],[-99.3908,18.8956],[-99.4369,18.8239],[-99.4724,18.8005],[-99.4955,18.6741],[-99.5074,18.6241],[-99.4676,18.6147],[-99.41,18.5281],[-99.3776,18.4991],[-99.3446,18.498],[-99.3314,18.4529],[-99.2447,18.4539],[-99.2283,18.5262],[-99.1967,18.5579],[-99.1505,18.543],[-99.1415,18.4966],[-99.1025,18.4286],[-99.059,18.3846],[-99.0497,18.3499],[-99.0074,18.3781],[-98.9403,18.4036],[-98.9292,18.4371],[-98.8778,18.4805],[-98.8072,18.4948],[-98.7708,18.4803],[-98.7179,18.4346],[-98.6769,18.4275],[-98.7031,18.541],[-98.73,18.5918],[-98.75,18.6919],[-98.6914,18.6831],[-98.6656,18.7023],[-98.7334,18.8119],[-98.6935,18.8631],[-98.6582,18.8913],[-98.6763,18.9215],[-98.6551,18.9461],[-98.6464,19.0236]]]},"properties":{"nombre":"Morelos","clave":"MX-MOR"}},
{"type":"Feature","geometry":{"type":"Polygon","coordinates":[[[-99.0434,21.2683],[-99.1123,21.2903],[-99.0988,21.3815],[-99.1439,21.4774],[-99.1983,21.6231],[-99.2558,21.5796],[-99.2566,21.5476],[-99.3324,21.5228],[-99.3354,21.4957],[-99.3812,21.4326],[-99.4625,21.4243],[-99.4761,21.407],[-99.551,21.4042],[-99.5702,21.3924],[-99.6268,21.4267],[-99.6427,21.4614],[-99.7201,21.5147],[-99.7484,21.505],[-99.7906,21.4191],[-99.7925,21.2914],[-99.7197,21.2701],[-99.7255,21.2243],[-99.7716,21.202],[-99.7878,21.174],[-99.8269,21.1583],[-99.8838,21.1595],[-99.9141,21.188],[-99.9598,21.2012],[-100.0126,21.1928],[-100.0525,21.1582],[-100.0727,21.0888],[-100.0779,20.9926],[-100.1058,20.9167],[-100.1524,20.8846],[-100.1832,20.879],[-100.2235,20.9249],[-100.2538,20.9325],[-100.3222,20.8963],[-100.4115,20.9122],[-100.4391,20.9698],[-100.4739,20.9506],[-100.5157,20.8811],[-100.5269,20.8126],[-100.5652,20.7398],[-100.5584,20.6581],[-100.4911,20.5434],[-100.4846,20.4356],[-100.4688,20.4019],[-100.3947,20.3217],[-100.374,20.2725],[-100.3274,20.2313],[-100.286,20.2134],[-100.2357,20.1909],[-100.1978,20.1439],[-100.1765,20.0862],[-100.1767,19.9785],[-100.1228,19.938],[-100.014,20.097],[-99.9509,20.1709],[-99.8885,20.1905],[-99.9377,20.2523],[-99.8441,20.3089],[-99.8211,20.4685],[-99.8195,20.5125],[-99.7136,20.5543],[-99.645,20.562],[-99.5973,20.6114],[-99.49,20.6611],[-99.5191,20.7049],[-99.5214,20.7355],[-99.492,20.8344],[-99.4715,20.8623],[-99.4155,20.8961],[-99.3915,20.9308],[-99.383,20.9855],[-99.3543,21.0278],[-99.3791,21.0808],[-99.3641,21.1112],[-99.2824,21.1469],[-99.2279,21.1188],[-99.1974,21.1241],[-99.1221,21.1713],[-99.0423,21.1758],[-99.0434,21.2683]]]},"properties":{"nombre":"Querétaro","clave":"MX-QUE"}},
{"type":"Feature","geometry":{"type":"Polygon","coordinates":[[[-99.0434,21.2683],[-99.0423,21.1758],[-99.1221,21.1713],[-99.1974,21.1241],[-99.2279,21.1188],[-99.2824,21.1469],[-99.3641,21.1112],[-99.3791,21.0808],[-99.3543,21.0278],[-99.383,20.9855],[-99.3915,20.9308],[-99.4155,20.8961],[-99.4715,20.8623],[-99.492,20.8344],[-99.5214,20.7355],[-99.5191,20.7049],[-99.49,20.6611],[-99.5973,20.6114],[-99.645,20.562],[-99.7136,20.5543],[-99.8195,20.5125],[-99.8211,20.4685],[-99.8441,20.3089],[-99.7919,20.2821],[-99.7681,20.2381],[-99.7165,20.1838],[-99.6415,20.1291],[-99.6256,20.1593],[-99.5487,20.1576],[-99.4858,20.061],[-99.5186,19.9531],[-99.4955,19.9248],[-99.4472,19.9102],[-99.4245,19.8784],[-99.4204,19.8372],[-99.3995,19.8212],[-99.3866,19.7563],[-99.3212,19.8254],[-99.287,19.822],[-99.2712,19.8808],[-99.2165,19.9046],[-99.2021,19.9791],[-99.1369,19.9932],[-99.0501,20.0352],[-99.0177,20.0421],[-98.9647,20.0233],[-98.9426,19.9904],[-98.9538,19.8765],[-98.9663,19.8215],[-98.9157,19.8043],[-98.8348,19.8864],[-98.7833,19.8519],[-98.7452,19.8406],[-98.6977,19.8504],[-98.6518,19.806],[-98.6051,19.741],[-98.6015,19.6974],[-98.6595,19.5855],[-98.6322,19.6115],[-98.5725,19.6337],[-98.5297,19.6139],[-98.4871,19.6441],[-98.4623,19.6229],[-98.3307,19.607],[-98.2672,19.7145],[-98.1927,19.6793],[-98.1431,19.6728],[-98.1704,19.7056],[-98.2436,19.8262],[-98.245,19.8713],[-98.1726,19.9719],[-98.1575,20.0276],[-98.101,20.0862],[-98.1208,20.1374],[-98.1353,20.2103],[-98.1605,20.2227],[-98.2459,20.2024],[-98.2755,20.2422],[-98.2355,20.3145],[-98.1594,20.3297],[-98.1161,20.3934],[-98.0525,20.4277],[-98.0002,20.4845],[-98.0252,20.5408],[-98.0014,20.5807],[-98.0221,20.6179],[-98.0216,20.6608],[-98.0794,20.6971],[-98.1108,20.6884],[-98.2026,20.5814],[-98.3358,20.435],[-98.3773,20.4648],[-98.4343,20.3711],[-98.4684,20.3536],[-98.5006,20.3624],[-98.5685,20.4723],[-98.5708,20.4949],[-98.5278,20.5479],[-98.5079,20.6245],[-98.4372,20.6768],[-98.4187,20.7094],[-98.4284,20.7488],[-98.4649,20.7297],[-98.4841,20.772],[-98.4191,20.7883],[-98.4245,20.8691],[-98.3932,20.877],[-98.3274,20.861],[-98.284,20.8359],[-98.2357,20.829],[-98.2324,20.9383],[-98.1299,21.0722],[-98.2124,21.1506],[-98.2485,21.1235],[-98.2882,21.1434],[-98.2662,21.197],[-98.2949,21.2084],[-98.3593,21.1553],[-98.4101,21.1776],[-98.4932,21.2634],[-98.4905,21.2917],[-98.4428,21.3537],[-98.5151,21.3988],[-98.5852,21.377],[-98.5923,21.2122],[-98.6438,21.2013],[-98.6898,21.212],[-98.788,21.1786],[-98.8236,21.1769],[-98.8959,21.2086],[-98.9391,21.2912],[-98.9959,21.2965],[-99.0434,21.2683]]]},"properties":{"nombre":"Hidalgo","clave":"MX-HID"}},
{"type":"Feature","geometry":{"type":"Polygon","coordinates":[[[-99.7906,21.4191],[-99.8785,21.4558],[-99.9586,21.4591],[-100.0761,21.5543],[-100.2427,21.6051],[-100.404,21.6777],[-100.4557,21.6481],[-100.4785,21.5977],[-100.4992,21.5136],[-100.5225,21.497],[-100.6273,21.4918],[-100.8978,21.6947],[-100.9615,21.7504],[-101.0251,21.7678],[-101.0912,21.7725],[-101.2016,21.7537],[-101.2597,21.772],[-101.2857,21.8039],[-101.2884,21.8473],[-101.326,21.8729],[-101.3739,21.8609],[-101.4494,21.8221],[-101.5205,21.8409],[-101.5797,21.7785],[-101.5788,21.7311],[-101.5334,21.6684],[-101.5383,21.6369],[-101.6151,21.5847],[-101.6401,21.5534],[-101.6369,21.5167],[-101.5746,21.4243],[-101.5727,21.3476],[-101.6114,21.2942],[-101.6875,21.2361],[-101.7719,21.2301],[-101.813,21.1763],[-101.855,21.1484],[-101.8832,21.0981],[-101.9482,21.0215],[-102.0456,20.8725],[-102.0879,20.7907],[-102.0851,20.7293],[-102.0072,20.6645],[-101.9769,20.6286],[-101.9675,20.5874],[-101.9806,20.5553],[-102.0607,20.4683],[-102.0997,20.3868],[-101.9956,20.4031],[-101.9821,20.3695],[-101.9493,20.366],[-101.9325,20.2519],[-101.9051,20.2033],[-101.8286,20.2099],[-101.6896,20.2012],[-101.6384,20.2344],[-101.6078,20.3203],[-101.5363,20.3349],[-101.4803,20.3311],[-101.4543,20.3071],[-101.3828,20.287],[-101.3865,20.2557],[-101.4341,20.2248],[-101.4115,20.1928],[-101.425,20.1642],[-101.4088,20.1359],[-101.4197,20.0536],[-101.3932,20.0393],[-101.3534,20.0547],[-101.2862,20.047],[-101.2348,20.0304],[-101.1941,20.0348],[-101.1634,20.1016],[-101.1055,20.086],[-101.0454,20.0998],[-100.9989,20.09],[-100.9864,20.0234],[-101.045,19.9922],[-101.0172,19.9513],[-100.9477,19.9268],[-100.9145,19.9252],[-100.8586,19.9446],[-100.8296,19.9756],[-100.7746,19.9105],[-100.7333,19.9077],[-100.7267,19.9371],[-100.5608,19.9472],[-100.543,19.9111],[-100.4674,19.9594],[-100.396,19.9643],[-100.3789,20.0057],[-100.3988,20.0743],[-100.3809,20.1206],[-100.3493,20.1224],[-100.286,20.2134],[-100.3274,20.2313],[-100.374,20.2725],[-100.3947,20.3217],[-100.4688,20.4019],[-100.4846,20.4356],[-100.4911,20.5434],[-100.5584,20.6581],[-100.5652,20.7398],[-100.5269,20.8126],[-100.5157,20.8811],[-100.4739,20.9506],[-100.4391,20.9698],[-100.4115,20.9122],[-100.3222,20.8963],[-100.2538,20.9325],[-100.2235,20.9249],[-100.1832,20.879],[-100.1524,20.8846],[-100.1058,20.9167],[-100.0779,20.9926],[-100.0727,21.0888],[-100.0525,21.1582],[-100.0126,21.1928],[-99.9598,21.2012],[-99.9141,21.188],[-99.8838,21.1595],[-99.8269,21.1583],[-99.7878,21.174],[-99.7716,21.202],[-99.7255,21.2243],[-99.7197,21.2701],[-99.7925,21.2914],[-99.7906,21.4191]]]},"properties":{"nombre":"Guanajuato","clave":"MX-GUA"}},
{"type":"Feature","geometry":{"type":"Polygon","coordinates":[[[-100.8284,24.565],[-100.8516,24.4912],[-100.8697,24.4671],[-100.9423,24.4287],[-100.9942,24.3714],[-101.1663,24.1051],[-101.2105,24.0252],[-101.2455,23.9927],[-101.2931,23.9817],[-101.3358,23.9516],[-101.4093,23.8694],[-101.4504,23.8336],[-101.5425,23.7702],[-101.6635,23.7071],[-101.6954,23.6778],[-101.716,23.6308],[-101.7429,23.6118],[-101.7927,23.6032],[-101.8283,23.5812],[-101.8888,23.5214],[-101.9385,23.4544],[-101.9997,23.3989],[-102.0726,23.3546],[-102.1313,23.3529],[-102.1264,23.3953],[-102.1904,23.4042],[-102.2234,23.2979],[-102.2431,23.2655],[-102.2889,23.269],[-102.2997,23.2309],[-102.253,23.189],[-102.228,23.1008],[-102.2304,23.0564],[-102.2546,23.0069],[-102.251,22.9837],[-102.1828,22.8437],[-102.1169,22.757],[-102.0129,22.6709],[-101.9532,22.6476],[-101.9214,22.6097],[-101.8719,22.5294],[-101.8327,22.4821],[-101.7901,22.4525],[-101.7617,22.4495],[-101.6929,22.4883],[-101.6302,22.498],[-101.5839,22.586],[-101.512,22.6087],[-101.3882,22.6091],[-101.3519,22.5896],[-101.3015,22.4809],[-101.309,22.4474],[-101.373,22.4006],[-101.3794,22.3608],[-101.3358,22.2254],[-101.3224,22.1016],[-101.3549,22.0485],[-101.5205,21.8409],[-101.4494,21.8221],[-101.3739,21.8609],[-101.326,21.8729],[-101.2884,21.8473],[-101.2857,21.8039],[-101.2597,21.772],[-101.2016,21.7537],[-101.0912,21.7725],[-101.0251,21.7678],[-100.9615,21.7504],[-100.8978,21.6947],[-100.6273,21.4918],[-100.5225,21.497],[-100.4992,21.5136],[-100.4785,21.5977],[-100.4557,21.6481],[-100.404,21.6777],[-100.2427,21.6051],[-100.0761,21.5543],[-99.9586,21.4591],[-99.8785,21.4558],[-99.7906,21.4191],[-99.7484,21.505],[-99.7201,21.5147],[-99.6427,21.4614],[-99.6268,21.4267],[-99.5702,21.3924],[-99.551,21.4042],[-99.4761,21.407],[-99.4625,21.4243],[-99.3812,21.4326],[-99.3354,21.4957],[-99.3324,21.5228],[-99.2566,21.5476],[-99.2558,21.5796],[-99.1983,21.6231],[-99.1439,21.4774],[-99.0988,21.3815],[-99.1123,21.2903],[-99.0434,21.2683],[-98.9959,21.2965],[-98.9391,21.2912],[-98.8959,21.2086],[-98.8236,21.1769],[-98.788,21.1786],[-98.6898,21.212],[-98.6438,21.2013],[-98.5923,21.2122],[-98.5852,21.377],[-98.5151,21.3988],[-98.5173,21.4733],[-98.5301,21.5248],[-98.6002,21.5617],[-98.6423,21.6089],[-98.6248,21.6282],[-98.624,21.6849],[-98.5702,21.692],[-98.5593,21.7274],[-98.489,21.7527],[-98.4592,21.8097],[-98.4909,21.8528],[-98.5318,21.8494],[-98.5616,21.8823],[-98.5414,21.9108],[-98.5383,21.9723],[-98.4523,21.9804],[-98.4267,22.0415],[-98.3613,22.1526],[-98.3477,22.2216],[-98.3737,22.2649],[-98.5131,22.3488],[-98.6162,22.4186],[-98.6563,22.4429],[-98.6739,22.4206],[-98.7653,22.4057],[-98.8124,22.3625],[-98.8579,22.3604],[-98.9394,22.3723],[-99.1299,22.427],[-99.2065,22.438],[-99.2484,22.4589],[-99.2785,22.502],[-99.3152,22.5797],[-99.3792,22.6834],[-99.4171,22.6393],[-99.4489,22.6458],[-99.4988,22.7052],[-99.5478,22.7283],[-99.5275,22.6514],[-99.5545,22.621],[-99.6557,22.6537],[-99.9874,22.7773],[-100.0398,22.8683],[-100.0237,22.8934],[-99.9548,22.9204],[-99.9158,22.9574],[-99.9147,23.0178],[-99.9887,23.0922],[-100.0063,23.1653],[-100.0221,23.1705],[-100.0893,23.1208],[-100.0573,23.2411],[-100.1234,23.2496],[-100.3268,23.2541],[-100.3251,23.2022],[-100.34,23.1896],[-100.3988,23.2004],[-100.4393,23.229],[-100.4568,23.3043],[-100.4548,23.3562],[-100.4709,23.4178],[-100.4548,23.5134],[-100.4943,23.6616],[-100.4779,23.758],[-100.4876,23.8215],[-100.5798,23.9305],[-100.6039,24.0262],[-100.6103,24.2833],[-100.6311,24.3305],[-100.6857,24.3867],[-100.8284,24.565]]]},"properties":{"nombre":"San Luis Potosí","clave":"MX-SLP"}},
{"type":"Feature","geometry":{"type":"Polygon","coordinates":[[[-100.8284,24.565],[-100.9252,24.6117],[-101.0171,24.6023],[-101.0966,24.641],[-101.1213,24.6688],[-101.1471,24.7345],[-101.1969,24.7965],[-101.2646,24.8229],[-101.3416,24.8119],[-101.3442,24.838],[-101.4242,24.7623],[-101.4617,24.7493],[-101.6172,24.7571],[-101.6543,24.8258],[-101.5744,24.8069],[-101.5908,24.8824],[-101.6527,24.9109],[-101.6921,24.9093],[-101.7678,24.9381],[-101.7939,24.9651],[-101.8426,25.0587],[-101.8607,25.0756],[-102.1734,25.163],[-102.5824,25.1251],[-102.634,25.1163],[-102.6682,25.0789],[-102.6315,25.019],[-102.5028,24.8614],[-102.4917,24.824],[-102.4902,24.4742],[-102.5047,24.4546],[-102.5759,24.4483],[-102.7115,24.4169],[-102.8009,24.41],[-102.8916,24.4231],[-103.2466,24.4911],[-103.3278,24.4689],[-103.3977,24.4255],[-103.4051,24.3747],[-103.4291,24.3523],[-103.5161,24.3406],[-103.5266,24.2979],[-103.5773,24.2885],[-103.6704,24.1618],[-103.8359,24.085],[-103.8442,24.0034],[-103.8394,23.9451],[-103.9045,23.9248],[-103.8514,23.8507],[-103.8543,23.8131],[-103.879,23.7731],[-103.8682,23.7493],[-103.8184,23.7171],[-103.8072,23.692],[-103.8192,23.6463],[-103.8523,23.6354],[-103.8742,23.6584],[-103.9179,23.6531],[-103.941,23.5671],[-103.9805,23.53],[-104.0921,23.4614],[-104.109,23.4353],[-104.1343,23.1868],[-104.1772,23.1551],[-104.1891,23.1177],[-104.198,22.901],[-104.2034,22.684],[-104.2088,22.6437],[-104.3114,22.3191],[-104.3297,22.2644],[-104.1801,22.3288],[-104.1318,22.3434],[-104.0296,22.3512],[-103.9588,22.3648],[-103.9482,22.3788],[-103.9261,22.4902],[-103.9377,22.5203],[-103.9918,22.5743],[-103.9832,22.7716],[-103.7787,22.7347],[-103.795,22.624],[-103.8513,22.5685],[-103.8537,22.4914],[-103.8874,22.4671],[-103.8664,22.4087],[-103.889,22.3445],[-103.8804,22.2298],[-103.8482,22.1973],[-103.7932,22.4149],[-103.7611,22.5596],[-103.7388,22.5989],[-103.6569,22.5913],[-103.6383,22.5387],[-103.608,22.5244],[-103.6504,22.4345],[-103.683,22.322],[-103.6633,22.2394],[-103.6783,22.1369],[-103.6421,22.1128],[-103.6031,22.1232],[-103.5694,22.1517],[-103.4886,22.1349],[-103.4476,22.2418],[-103.4064,22.259],[-103.3908,22.3287],[-103.3586,22.3488],[-103.4271,22.4176],[-103.3728,22.5168],[-103.2458,22.4182],[-103.1852,22.3805],[-103.1891,22.3222],[-103.1318,22.3383],[-103.1022,22.3307],[-103.0924,22.2983],[-103.055,22.306],[-103.0457,22.2515],[-103.0908,22.182],[-103.1271,22.1741],[-103.1292,22.1403],[-103.0859,22.1246],[-103.0895,22.0746],[-103.1293,22.0567],[-103.1561,21.9984],[-103.205,21.9774],[-103.289,21.9855],[-103.3178,21.9496],[-103.4007,21.9288],[-103.5268,21.8172],[-103.5424,21.7897],[-103.5219,21.7359],[-103.5193,21.6003],[-103.5919,21.5587],[-103.6261,21.4984],[-103.6663,21.4879],[-103.7339,21.5249],[-103.7143,21.4556],[-103.7043,21.3842],[-103.7139,21.3295],[-103.7465,21.2973],[-103.7499,21.2411],[-103.7362,21.2272],[-103.6744,21.2603],[-103.6371,21.2546],[-103.6256,21.2089],[-103.5914,21.193],[-103.508,21.1961],[-103.4649,21.1621],[-103.401,21.1624],[-103.3638,21.1504],[-103.2317,21.0791],[-103.1942,21.0678],[-103.1363,21.0738],[-103.083,21.0418],[-103.0475,21.074],[-103.0559,21.2658],[-103.0241,21.2914],[-102.9764,21.278],[-102.9149,21.2823],[-102.8321,21.338],[-102.7686,21.3387],[-102.7336,21.376],[-102.6857,21.401],[-102.6471,21.4873],[-102.6341,21.5342],[-102.6405,21.5683],[-102.7107,21.5772],[-102.7762,21.6078],[-102.7825,21.6538],[-102.7605,21.7488],[-102.8249,21.787],[-102.8564,21.8503],[-102.8418,21.933],[-102.744,22.0779],[-102.6842,22.1398],[-102.6478,22.2129],[-102.6763,22.2608],[-102.6543,22.2925],[-102.621,22.3066],[-102.511,22.3055],[-102.4785,22.3153],[-102.4636,22.3502],[-102.4137,22.3614],[-102.3771,22.392],[-102.3451,22.397],[-102.2916,22.4648],[-102.2749,22.4561],[-102.2291,22.369],[-102.2114,22.3545],[-102.1664,22.3737],[-102.1443,22.3329],[-102.0787,22.292],[-102.0171,22.2837],[-101.9876,22.2501],[-101.9914,22.1478],[-101.9798,22.123],[-101.9029,22.0849],[-101.8454,22.0175],[-101.7642,21.9628],[-101.6935,21.9634],[-101.6231,21.9307],[-101.5779,21.8809],[-101.5288,21.8765],[-101.5205,21.8409],[-101.3549,22.0485],[-101.3224,22.1016],[-101.3358,22.2254],[-101.3794,22.3608],[-101.373,22.4006],[-101.309,22.4474],[-101.3015,22.4809],[-101.3519,22.5896],[-101.3882,22.6091],[-101.512,22.6087],[-101.5839,22.586],[-101.6302,22.498],[-101.6929,22.4883],[-101.7617,22.4495],[-101.7901,22.4525],[-101.8327,22.4821],[-101.8719,22.5294],[-101.9214,22.6097],[-101.9532,22.6476],[-102.0129,22.6709],[-102.1169,22.757],[-102.1828,22.8437],[-102.251,22.9837],[-102.2546,23.0069],[-102.2304,23.0564],[-102.228,23.1008],[-102.253,23.189],[-102.2997,23.2309],[-102.2889,23.269],[-102.2431,23.2655],[-102.2234,23.2979],[-102.1904,23.4042],[-102.1264,23.3953],[-102.1313,23.3529],[-102.0726,23.3546],[-101.9997,23.3989],[-101.9385,23.4544],[-101.8888,23.5214],[-101.8283,23.5812],[-101.7927,23.6032],[-101.7429,23.6118],[-101.716,23.6308],[-101.6954,23.6778],[-101.6635,23.7071],[-101.5425,23.7702],[-101.4504,23.8336],[-101.4093,23.8694],[-101.3358,23.9516],[-101.2931,23.9817],[-101.2455,23.9927],[-101.2105,24.0252],[-101.1663,24.1051],[-100.9942,24.3714],[-100.9423,24.4287],[-100.8697,24.4671],[-100.8516,24.4912],[-100.8284,24.565]]]},"properties":{"nombre":"Zacatecas","clave":"MX-ZAC"}},
{"type":"Feature","geometry":{"type":"Polygon","coordinates":[[[-101.8454,22.0175],[-101.9029,22.0849],[-101.9798,22.123],[-101.9914,22.1478],[-101.9876,22.2501],[-102.0171,22.2837],[-102.0787,22.292],[-102.1443,22.3329],[-102.1664,22.3737],[-102.2114,22.3545],[-102.2291,22.369],[-102.2749,22.4561],[-102.2916,22.4648],[-102.3451,22.397],[-102.3771,22.392],[-102.4137,22.3614],[-102.4636,22.3502],[-102.4785,22.3153],[-102.511,22.3055],[-102.621,22.3066],[-102.6543,22.2925],[-102.6763,22.2608],[-102.6478,22.2129],[-102.6842,22.1398],[-102.744,22.0779],[-102.8418,21.933],[-102.8564,21.8503],[-102.8249,21.787],[-102.7605,21.7488],[-102.6614,21.7778],[-102.6303,21.773],[-102.5142,21.7061],[-102.468,21.6946],[-102.2863,21.6702],[-102.2312,21.6777],[-102.1458,21.7443],[-102.0799,21.7679],[-102.0491,21.8659],[-101.998,21.8878],[-101.9676,21.921],[-101.8917,21.9557],[-101.8454,22.0175]]]},"properties":{"nombre":"Aguascalientes","clave":"MX-AGU"}},
{"type":"Feature","geometry":{"type":"Polygon","coordinates":[[[-106.9369,25.6416],[-106.9853,25.5928],[-107.0092,25.5522],[-107.062,25.5015],[-107.0961,25.4203],[-107.1257,25.2374],[-107.1263,25.1899],[-107.0742,25.017],[-107.0364,24.9197],[-106.9542,24.8668],[-106.9324,24.7995],[-106.8546,24.7892],[-106.8101,24.732],[-106.7564,24.7035],[-106.6996,24.5999],[-106.6644,24.5661],[-106.6218,24.4819],[-106.6097,24.3961],[-106.5959,24.368],[-106.5064,24.2938],[-106.4762,24.2857],[-106.4046,24.2896],[-106.3427,24.3493],[-106.274,24.3909],[-106.1956,24.3898],[-106.1525,24.3653],[-106.0533,24.2833],[-106.0209,24.2319],[-105.9761,24.1223],[-105.9484,24.0733],[-105.8717,24.031],[-105.9161,23.9402],[-105.9197,23.8613],[-105.8974,23.7135],[-105.864,23.6468],[-105.8532,23.6014],[-105.826,23.5666],[-105.7656,23.5511],[-105.7153,23.4641],[-105.7134,23.3775],[-105.6915,23.3436],[-105.6878,23.2972],[-105.6339,23.2533],[-105.6221,23.2276],[-105.5501,23.163],[-105.4754,23.1426],[-105.3923,23.1498],[-105.3886,23.0333],[-105.2296,23.0374],[-105.1315,23.017],[-104.9699,22.9383],[-104.9455,22.9156],[-104.8886,22.7903],[-104.9775,22.7057],[-104.9942,22.6751],[-105.0022,22.5934],[-104.9967,22.5435],[-104.9707,22.5417],[-104.7743,22.6762],[-104.7537,22.674],[-104.6679,22.6256],[-104.6536,22.6045],[-104.629,22.5105],[-104.5874,22.4596],[-104.5041,22.4156],[-104.4772,22.4168],[-104.3346,22.4749],[-104.3114,22.3191],[-104.2088,22.6437],[-104.2034,22.684],[-104.198,22.901],[-104.1891,23.1177],[-104.1772,23.1551],[-104.1343,23.1868],[-104.109,23.4353],[-104.0921,23.4614],[-103.9805,23.53],[-103.941,23.5671],[-103.9179,23.6531],[-103.8742,23.6584],[-103.8523,23.6354],[-103.8192,23.6463],[-103.8072,23.692],[-103.8184,23.7171],[-103.8682,23.7493],[-103.879,23.7731],[-103.8543,23.8131],[-103.8514,23.8507],[-103.9045,23.9248],[-103.8394,23.9451],[-103.8442,24.0034],[-103.8359,24.085],[-103.6704,24.1618],[-103.5773,24.2885],[-103.5266,24.2979],[-103.5161,24.3406],[-103.4291,24.3523],[-103.4051,24.3747],[-103.3977,24.4255],[-103.3278,24.4689],[-103.2466,24.4911],[-102.8916,24.4231],[-102.8009,24.41],[-102.7115,24.4169],[-102.5759,24.4483],[-102.5047,24.4546],[-102.4902,24.4742],[-102.4917,24.824],[-102.5028,24.8614],[-102.6315,25.019],[-102.6682,25.0789],[-102.8158,24.9044],[-102.8385,24.8987],[-102.8431,24.7283],[-102.9096,24.7757],[-102.9719,24.8067],[-103.1395,24.8478],[-103.2262,24.8872],[-103.2515,24.923],[-103.2596,25.0407],[-103.2753,25.0721],[-103.388,25.1406],[-103.452,25.2328],[-103.498,25.2683],[-103.5092,25.2978],[-103.4945,25.3524],[-103.4615,25.4008],[-103.4249,25.4275],[-103.4836,25.4853],[-103.4878,25.5409],[-103.4182,25.5878],[-103.3202,25.6987],[-103.3252,25.8328],[-103.3474,26.0216],[-103.3453,26.1239],[-103.3289,26.1724],[-103.2813,26.2624],[-103.2696,26.3129],[-103.2849,26.3637],[-103.3257,26.4087],[-103.6273,26.6439],[-103.9415,26.7604],[-104.0104,26.7769],[-104.1156,26.7731],[-104.1912,26.7549],[-104.2346,26.7232],[-104.3389,26.5917],[-104.5198,26.3715],[-104.557,26.3405],[-104.5978,26.351],[-104.6721,26.4115],[-104.7768,26.4695],[-104.8333,26.4868],[-104.9414,26.5036],[-104.988,26.5036],[-105.0264,26.4595],[-105.0435,26.4682],[-105.1168,26.5524],[-105.3084,26.4621],[-105.3275,26.4595],[-105.5559,26.5728],[-105.5976,26.6032],[-105.6804,26.6989],[-105.8085,26.6933],[-105.8494,26.7146],[-106.0275,26.8386],[-106.092,26.7349],[-106.1146,26.761],[-106.1579,26.7421],[-106.1698,26.6126],[-106.2248,26.5597],[-106.1947,26.4787],[-106.1957,26.4453],[-106.2272,26.4292],[-106.4015,26.381],[-106.4322,26.3618],[-106.4273,26.3013],[-106.3815,26.2031],[-106.3783,26.1315],[-106.3993,26.0683],[-106.4265,26.0391],[-106.4799,26.0376],[-106.5249,25.9928],[-106.5326,25.8095],[-106.5445,25.7799],[-106.7209,25.6332],[-106.7592,25.6203],[-106.9369,25.6416]]]},"properties":{"nombre":"Durango","clave":"MX-DUR"}},
{"type":"Feature","geometry":{"type":"Polygon","coordinates":[[[-98.1431,19.6728],[-98.1927,19.6793],[-98.2672,19.7145],[-98.3307,19.607],[-98.4623,19.6229],[-98.4871,19.6441],[-98.5297,19.6139],[-98.5725,19.6337],[-98.6322,19.6115],[-98.6595,19.5855],[-98.7091,19.5829],[-98.6937,19.5324],[-98.6475,19.5133],[-98.6409,19.4619],[-98.5483,19.4379],[-98.4927,19.4543],[-98.4659,19.4383],[-98.433,19.3441],[-98.3755,19.2937],[-98.3517,19.2414],[-98.2525,19.1619],[-98.2157,19.1125],[-98.1935,19.1065],[-98.1083,19.1349],[-98.0501,19.2092],[-97.9291,19.1585],[-97.8844,19.1662],[-97.8467,19.2119],[-97.8752,19.2446],[-97.8778,19.2781],[-97.8276,19.3114],[-97.7755,19.2964],[-97.7294,19.305],[-97.6681,19.2839],[-97.6204,19.3195],[-97.6128,19.3463],[-97.6412,19.3728],[-97.7043,19.3899],[-97.759,19.4479],[-97.7947,19.4568],[-97.8445,19.4363],[-97.8786,19.5115],[-97.8426,19.5435],[-97.9408,19.5798],[-97.9816,19.6206],[-98.0346,19.6361],[-98.0282,19.6918],[-98.0436,19.7186],[-98.0887,19.672],[-98.1431,19.6728]]]},"properties":{"nombre":"Tlaxcala","clave":"MX-TLA"}},
{"type":"Feature","geometry":{"type":"Polygon","coordinates":[[[-98.964,19.0891],[-98.9422,19.1214],[-98.9664,19.2012],[-98.9587,19.2614],[-98.9685,19.3081],[-98.99,19.3365],[-99.0451,19.3631],[-99.0573,19.4046],[-99.0387,19.4273],[-99.0707,19.4888],[-99.095,19.5133],[-99.1237,19.5711],[-99.1549,19.5396],[-99.1529,19.4918],[-99.1754,19.4816],[-99.2375,19.4044],[-99.2597,19.3609],[-99.3093,19.3626],[-99.3329,19.2977],[-99.3067,19.1685],[-99.2851,19.1424],[-99.2291,19.1092],[-99.1309,19.0955],[-99.0428,19.0578],[-99.0178,19.0864],[-98.964,19.0891]]]},"properties":{"nombre":"Ciudad de México","clave":"MX-DIF"}}
]}