{"type":"FeatureCollection", "features": [
{"type":"Feature","geometry":{"type":"MultiPolygon","coordinates":[[[[-99.21422,19.47321],[-99.21078,19.47228],[-99.21003,19.47208],[-99.20886,19.47604],[-99.20858,19.4768],[-99.20823,19.47788],[-99.20795,19.47781],[-99.2075,19.4777],[-99.20644,19.47742],[-99.20634,19.4774],[-99.20513,19.47709],[-99.20404,19.4768],[-99.20384,19.47674],[-99.20333,19.47812],[-99.20314,19.47867],[-99.20333,19.47872],[-99.2046,19.47907],[-99.20419,19.48051],[-99.20491,19.48072],[-99.205,19.48037],[-99.20602,19.48067],[-99.20653,19.48081],[-99.20617,19.48195],[-99.20758,19.48234],[-99.20847,19.48259],[-99.20944,19.48285],[-99.20952,19.48252],[-99.20955,19.48242],[-99.21299,19.48332],[-99.21332,19.4834],[-99.21309,19.48404],[-99.21253,19.48396],[-99.21234,19.48468],[-99.21161,19.48445],[-99.21045,19.48423],[-99.21031,19.48447],[-99.20996,19.48559],[-99.20865,19.48518],[-99.20335,19.48374],[-99.20255,19.4858],[-99.20453,19.48631],[-99.20714,19.48698],[-99.20818,19.48728],[-99.2075,19.49086],[-99.20844,19.49112],[-99.20883,19.49122],[-99.20867,19.49188],[-99.20825,19.49386],[-99.20803,19.49462],[-99.20684,19.49432],[-99.20668,19.49593],[-99.20634,19.49863],[-99.20607,19.50056],[-99.20698,19.50086],[-99.20646,19.50235],[-99.20659,19.50306],[-99.20723,19.50387],[-99.20652,19.50437],[-99.2063,19.50409],[-99.20573,19.50454],[-99.20451,19.50549],[-99.20467,19.50586],[-99.20482,19.50649],[-99.20485,19.50664],[-99.20521,19.50815],[-99.20535,19.50877],[-99.20533,19.50969],[-99.20525,19.51168],[-99.20461,19.5117],[-99.2044,19.5118],[-99.2039,19.51242],[-99.20319,19.51371],[-99.20294,19.51461],[-99.20467,19.51514],[-99.20514,19.51486],[-99.20552,19.5146],[-99.20713,19.51367],[-99.20814,19.5132],[-99.20926,19.51241],[-99.2095,19.51199],[-99.20969,19.51173],[-99.21016,19.51114],[-99.21078,19.50908],[-99.21105,19.50844],[-99.21144,19.50672],[-99.21168,19.505],[-99.21223,19.50266],[-99.21232,19.50237],[-99.21286,19.50052],[-99.2135,19.49828],[-99.21437,19.49564],[-99.21645,19.48941],[-99.21716,19.4874],[-99.2175,19.48645],[-99.21816,19.4846],[-99.21946,19.4809],[-99.21977,19.47997],[-99.22034,19.47822],[-99.22071,19.47681],[-99.22112,19.47507],[-99.21951,19.47464],[-99.21885,19.47446],[-99.21617,19.47374],[-99.21488,19.47339],[-99.21422,19.47321]]],[[[-99.32673,19.35382],[-99.32743,19.35413],[-99.32767,19.35404],[-99.3277,19.35364],[-99.32848,19.35309],[-99.32882,19.3521],[-99.32865,19.35138],[-99.32876,19.35064],[-99.32864,19.34997],[-99.32839,19.34914],[-99.32846,19.3489],[-99.32862,19.34831],[-99.32845,19.34682],[-99.3288,19.34604],[-99.32888,19.34562],[-99.32827,19.3452],[-99.32871,19.34425],[-99.32903,19.34338],[-99.32949,19.34227],[-99.32973,19.34162],[-99.3302,19.34112],[-99.33014,19.34109],[-99.3302,19.34112],[-99.33067,19.34006],[-99.33115,19.33978],[-99.33119,19.33879],[-99.33169,19.33779],[-99.33164,19.33663],[-99.33182,19.33554],[-99.33191,19.33495],[-99.33231,19.33352],[-99.33279,19.33242],[-99.33384,19.33059],[-99.35661,19.30668],[-99.35637,19.30333],[-99.35627,19.30201],[-99.34999,19.29684],[-99.3535,19.2974],[-99.35292,19.29605],[-99.35126,19.29497],[-99.35149,19.29415],[-99.35241,19.29399],[-99.35328,19.29348],[-99.35454,19.29329],[-99.35358,19.29193],[-99.36492,19.27777],[-99.36192,19.27574],[-99.35613,19.27499],[-99.34821,19.27396],[-99.34751,19.27303],[-99.3463,19.27202],[-99.34585,19.27081],[-99.34552,19.27044],[-99.34469,19.26948],[-99.34349,19.26887],[-99.34306,19.26855],[-99.34225,19.26829],[-99.34094,19.2678],[-99.33916,19.2677],[-99.33763,19.26404],[-99.33986,19.25965],[-99.34132,19.25215],[-99.34207,19.24754],[-99.34234,19.24112],[-99.33577,19.23933],[-99.33082,19.23794],[-99.32672,19.23257],[-99.32432,19.23261],[-99.32225,19.23265],[-99.3213,19.23267],[-99.31534,19.2292],[-99.31556,19.2274],[-99.31625,19.2215],[-99.3123,19.21803],[-99.3083,19.21451],[-99.30714,19.21373],[-99.30678,19.21108],[-99.30613,19.20614],[-99.30469,19.20265],[-99.30444,19.20052],[-99.30397,19.19826],[-99.30392,19.19718],[-99.30324,19.19366],[-99.30276,19.19086],[-99.30133,19.18842],[-99.30018,19.18458],[-99.2956,19.17288],[-99.29312,19.1653],[-99.28761,19.1466],[-99.28259,19.13821],[-99.2787,19.1317],[-99.25663,19.11656],[-99.22678,19.09606],[-99.17823,19.09247],[-99.13648,19.08938],[-99.13538,19.0893],[-99.12543,19.06206],[-99.10445,19.05765],[-99.0598,19.04824],[-99.05665,19.05346],[-99.04321,19.07576],[-99.03019,19.08456],[-99.02899,19.08537],[-98.98359,19.07876],[-98.979,19.07446],[-98.9737,19.07955],[-98.97137,19.08122],[-98.96828,19.08314],[-98.96572,19.08586],[-98.96327,19.09206],[-98.96124,19.09558],[-98.95906,19.10428],[-98.95896,19.10904],[-98.95841,19.11131],[-98.95869,19.11257],[-98.9587,19.11364],[-98.9585,19.1149],[-98.958,19.11792],[-98.95766,19.11963],[-98.95751,19.12238],[-98.9578,19.1232],[-98.95873,19.12584],[-98.95954,19.12831],[-98.96051,19.13126],[-98.96109,19.13303],[-98.96182,19.13452],[-98.96227,19.13546],[-98.96248,19.13583],[-98.9629,19.13652],[-98.96376,19.13793],[-98.96461,19.1398],[-98.96511,19.14041],[-98.96596,19.14258],[-98.96646,19.14387],[-98.96304,19.14564],[-98.9626,19.14587],[-98.95463,19.14952],[-98.96057,19.15648],[-98.96202,19.15818],[-98.96312,19.15947],[-98.96462,19.16122],[-98.96737,19.16444],[-98.95239,19.16864],[-98.95617,19.17676],[-98.95652,19.17664],[-98.95985,19.17917],[-98.96641,19.18703],[-98.96769,19.18974],[-98.96698,19.19792],[-98.96703,19.19991],[-98.9677,19.20313],[-98.96968,19.20425],[-98.97106,19.20548],[-98.97207,19.20651],[-98.97224,19.20645],[-98.97233,19.20647],[-98.97244,19.20648],[-98.97252,19.20644],[-98.97263,19.20647],[-98.97265,19.2065],[-98.97263,19.20647],[-98.97244,19.20648],[-98.97233,19.20647],[-98.97224,19.20645],[-98.97207,19.20651],[-98.97122,19.20572],[-98.96968,19.20425],[-98.96857,19.20521],[-98.96751,19.20613],[-98.96723,19.20625],[-98.96705,19.20763],[-98.96683,19.20896],[-98.96766,19.2098],[-98.96838,19.21049],[-98.96853,19.21057],[-98.96807,19.2106],[-98.96783,19.21071],[-98.96734,19.21156],[-98.96747,19.21181],[-98.96747,19.21182],[-98.96756,19.21196],[-98.9678,19.21212],[-98.96827,19.21224],[-98.96866,19.21261],[-98.96893,19.21277],[-98.96896,19.21279],[-98.96929,19.21287],[-98.96952,19.2129],[-98.96977,19.21292],[-98.96992,19.2126],[-98.97001,19.21263],[-98.97009,19.21271],[-98.97013,19.21279],[-98.97014,19.21281],[-98.97028,19.21288],[-98.97043,19.21302],[-98.97048,19.21312],[-98.9705,19.21315],[-98.97065,19.2128],[-98.97089,19.21235],[-98.9713,19.21186],[-98.9715,19.21197],[-98.97197,19.21233],[-98.97243,19.2127],[-98.97306,19.21345],[-98.97321,19.21366],[-98.97362,19.21408],[-98.97435,19.21444],[-98.97496,19.21459],[-98.97497,19.21459],[-98.97501,19.21459],[-98.97632,19.21481],[-98.9779,19.21508],[-98.97815,19.21507],[-98.97836,19.21511],[-98.97948,19.21533],[-98.98132,19.2156],[-98.98154,19.2154],[-98.9828,19.21557],[-98.98311,19.21591],[-98.98374,19.21601],[-98.98605,19.21637],[-98.98856,19.21681],[-98.98991,19.2169],[-98.99135,19.21694],[-98.99315,19.21699],[-98.994,19.217],[-98.99399,19.21765],[-98.99316,19.21762],[-98.99307,19.22052],[-98.99302,19.22165],[-98.993,19.22278],[-98.99312,19.22356],[-98.99327,19.22439],[-98.99326,19.22494],[-98.9935,19.2265],[-98.99361,19.22709],[-98.99367,19.22728],[-98.9942,19.22743],[-98.99439,19.22745],[-98.99526,19.22751],[-98.99542,19.22643],[-98.99579,19.22504],[-98.99636,19.22526],[-98.99638,19.22613],[-98.99746,19.22649],[-98.99723,19.22731],[-98.99718,19.22747],[-98.99886,19.2277],[-98.99902,19.22736],[-98.99967,19.22728],[-98.99985,19.22678],[-99.00299,19.22757],[-99.00457,19.22804],[-99.00462,19.22804],[-99.00464,19.22804],[-99.00471,19.22806],[-99.00473,19.22808],[-99.00474,19.22808],[-99.00488,19.2282],[-99.00491,19.22823],[-99.00501,19.2283],[-99.00512,19.2283],[-99.00513,19.2283],[-99.00519,19.22829],[-99.0052,19.22829],[-99.00522,19.22828],[-99.0053,19.22824],[-99.00534,19.22821],[-99.00537,19.22819],[-99.00541,19.2281],[-99.00542,19.22803],[-99.00542,19.22796],[-99.00542,19.22792],[-99.0056,19.22695],[-99.00561,19.22683],[-99.00607,19.22665],[-99.00629,19.22664],[-99.00636,19.22664],[-99.00662,19.22661],[-99.00651,19.22695],[-99.00634,19.22725],[-99.00608,19.22798],[-99.00677,19.22808],[-99.00707,19.22758],[-99.00787,19.2278],[-99.0086,19.22864],[-99.00821,19.22908],[-99.0077,19.2294],[-99.00753,19.22954],[-99.0074,19.22958],[-99.00728,19.22961],[-99.00684,19.23048],[-99.0073,19.23062],[-99.00779,19.23076],[-99.0077,19.23097],[-99.00768,19.231],[-99.00749,19.2313],[-99.00733,19.23158],[-99.00741,19.23161],[-99.00756,19.23168],[-99.00795,19.23174],[-99.00806,19.23175],[-99.00812,19.23175],[-99.00822,19.23176],[-99.00832,19.23177],[-99.00848,19.23178],[-99.0085,19.23179],[-99.00866,19.23182],[-99.00868,19.23184],[-99.0087,19.23186],[-99.00876,19.23198],[-99.00881,19.23204],[-99.00882,19.23205],[-99.00883,19.23207],[-99.00882,19.23213],[-99.00881,19.23228],[-99.00884,19.23257],[-99.00901,19.23322],[-99.00919,19.23332],[-99.00925,19.23336],[-99.0093,19.23338],[-99.00938,19.23343],[-99.00953,19.23351],[-99.00957,19.23354],[-99.00961,19.23369],[-99.00957,19.23374],[-99.00942,19.23395],[-99.00938,19.234],[-99.00932,19.23409],[-99.00924,19.23422],[-99.00916,19.23434],[-99.00946,19.23442],[-99.00938,19.23475],[-99.00955,19.23481],[-99.0096,19.23486],[-99.00958,19.23496],[-99.0094,19.23519],[-99.00939,19.23523],[-99.00946,19.23534],[-99.00956,19.23558],[-99.0096,19.2356],[-99.00961,19.23561],[-99.0098,19.23568],[-99.01035,19.23591],[-99.0099,19.23632],[-99.00978,19.23643],[-99.00966,19.23653],[-99.00939,19.23652],[-99.00928,19.23659],[-99.00903,19.23676],[-99.00902,19.23678],[-99.00877,19.23728],[-99.00884,19.23737],[-99.00884,19.23751],[-99.00881,19.2377],[-99.00874,19.23824],[-99.00866,19.2384],[-99.00837,19.239],[-99.00806,19.23945],[-99.00792,19.24065],[-99.0072,19.24055],[-99.00708,19.24081],[-99.00688,19.24086],[-99.00658,19.24126],[-99.00602,19.24176],[-99.00533,19.24233],[-99.00516,19.24242],[-99.00504,19.24257],[-99.00462,19.2434],[-99.00442,19.24419],[-99.00388,19.24481],[-99.0037,19.24522],[-99.00346,19.24582],[-99.00488,19.24758],[-99.00532,19.24781],[-99.00549,19.24806],[-99.00751,19.25078],[-99.00769,19.25102],[-99.00826,19.25073],[-99.00865,19.25077],[-99.00907,19.2503],[-99.00911,19.25044],[-99.00923,19.25086],[-99.00911,19.25133],[-99.00867,19.25226],[-99.0093,19.25315],[-99.01001,19.25415],[-99.00986,19.25453],[-99.01103,19.2556],[-99.01129,19.25573],[-99.01132,19.25565],[-99.01183,19.25624],[-99.01199,19.25696],[-99.01296,19.25806],[-99.01392,19.25858],[-99.01444,19.25881],[-99.01486,19.25899],[-99.01608,19.25968],[-99.01742,19.26027],[-99.01867,19.26074],[-99.01907,19.2609],[-99.01974,19.26115],[-99.02033,19.26092],[-99.02103,19.26102],[-99.02151,19.26112],[-99.02246,19.25869],[-99.02236,19.25856],[-99.02225,19.25834],[-99.02293,19.25823],[-99.02618,19.25904],[-99.02761,19.2594],[-99.02889,19.25971],[-99.03041,19.25979],[-99.03094,19.25822],[-99.03133,19.25828],[-99.03247,19.25841],[-99.03296,19.25847],[-99.03316,19.25846],[-99.03375,19.25826],[-99.03493,19.25782],[-99.03562,19.25758],[-99.0373,19.257],[-99.03894,19.25646],[-99.03968,19.25623],[-99.04047,19.256],[-99.04135,19.25575],[-99.04289,19.25532],[-99.04283,19.25617],[-99.04402,19.25582],[-99.04709,19.25488],[-99.04827,19.25466],[-99.04984,19.25454],[-99.05018,19.25454],[-99.05167,19.25463],[-99.05195,19.25466],[-99.052,19.25467],[-99.05219,19.25469],[-99.05362,19.25488],[-99.05416,19.25494],[-99.05459,19.25501],[-99.05481,19.25504],[-99.05594,19.25516],[-99.05728,19.2553],[-99.05776,19.25536],[-99.05838,19.25545],[-99.05897,19.25552],[-99.05898,19.25553],[-99.0594,19.25558],[-99.05968,19.25561],[-99.06001,19.25565],[-99.06025,19.25568],[-99.06087,19.25576],[-99.06105,19.25578],[-99.06143,19.25581],[-99.06187,19.25583],[-99.06338,19.2558],[-99.06425,19.25567],[-99.06489,19.25556],[-99.06559,19.25539],[-99.06636,19.25511],[-99.06655,19.255],[-99.06588,19.25501],[-99.06619,19.25482],[-99.06729,19.25424],[-99.06819,19.25374],[-99.06906,19.25303],[-99.06991,19.25154],[-99.07043,19.25074],[-99.07123,19.24974],[-99.07204,19.24858],[-99.07242,19.24818],[-99.0736,19.24741],[-99.07446,19.24695],[-99.07517,19.24664],[-99.07564,19.24648],[-99.07578,19.24666],[-99.07591,19.24665],[-99.07625,19.24662],[-99.07711,19.24652],[-99.07759,19.24646],[-99.07802,19.24665],[-99.07833,19.2469],[-99.0788,19.24727],[-99.07889,19.24736],[-99.07998,19.24795],[-99.08059,19.24831],[-99.08183,19.24921],[-99.08242,19.24963],[-99.08328,19.25027],[-99.08443,19.25061],[-99.085,19.25085],[-99.08569,19.25113],[-99.08649,19.25136],[-99.0871,19.25152],[-99.08809,19.25175],[-99.08878,19.25191],[-99.09162,19.25269],[-99.09192,19.25158],[-99.09283,19.24807],[-99.09254,19.24805],[-99.09214,19.24799],[-99.09157,19.24793],[-99.09166,19.24722],[-99.09173,19.24663],[-99.09179,19.24601],[-99.09342,19.24599],[-99.09353,19.246],[-99.09365,19.24604],[-99.09372,19.24606],[-99.09413,19.24643],[-99.09449,19.24699],[-99.09462,19.2472],[-99.09582,19.24801],[-99.09614,19.24821],[-99.09681,19.24842],[-99.09867,19.24847],[-99.10142,19.24731],[-99.10242,19.24601],[-99.10372,19.24721],[-99.10381,19.2473],[-99.10513,19.24859],[-99.10548,19.24898],[-99.10595,19.24994],[-99.10612,19.2503],[-99.106,19.25145],[-99.10589,19.252],[-99.10618,19.25206],[-99.11318,19.2543],[-99.11351,19.25526],[-99.11403,19.25488],[-99.11432,19.25467],[-99.11605,19.25342],[-99.11617,19.25329],[-99.11623,19.25339],[-99.117,19.25415],[-99.11905,19.25568],[-99.11965,19.25612],[-99.12067,19.25687],[-99.1204,19.25752],[-99.12004,19.25771],[-99.11943,19.25926],[-99.12103,19.25984],[-99.12044,19.26126],[-99.1197,19.26299],[-99.11953,19.26332],[-99.11916,19.26432],[-99.11912,19.26444],[-99.11927,19.26442],[-99.11979,19.26447],[-99.12038,19.26466],[-99.12165,19.26517],[-99.12351,19.26584],[-99.12407,19.26605],[-99.12518,19.26608],[-99.12572,19.26615],[-99.1265,19.26632],[-99.12663,19.26661],[-99.1273,19.26817],[-99.12742,19.26856],[-99.12739,19.26885],[-99.12759,19.26896],[-99.12864,19.26991],[-99.12904,19.27053],[-99.12952,19.27165],[-99.12973,19.27219],[-99.13051,19.27408],[-99.13107,19.27549],[-99.13165,19.27694],[-99.13182,19.27736],[-99.13234,19.27866],[-99.13258,19.27905],[-99.13318,19.27961],[-99.13392,19.28022],[-99.13471,19.28053],[-99.13765,19.28122],[-99.1389,19.28224],[-99.1409,19.2825],[-99.14106,19.28253],[-99.14194,19.28274],[-99.14298,19.28306],[-99.14472,19.28377],[-99.14575,19.28426],[-99.14651,19.2847],[-99.14701,19.28504],[-99.14838,19.2862],[-99.14903,19.287],[-99.15007,19.28833],[-99.15149,19.29011],[-99.14978,19.29114],[-99.14881,19.29177],[-99.14874,19.29181],[-99.14845,19.29203],[-99.14747,19.29302],[-99.14732,19.29326],[-99.14725,19.29337],[-99.14647,19.29513],[-99.14505,19.2948],[-99.14371,19.29518],[-99.14339,19.2955],[-99.14308,19.29565],[-99.14257,19.29563],[-99.14071,19.29549],[-99.14044,19.29427],[-99.14031,19.29292],[-99.13995,19.29256],[-99.13981,19.29162],[-99.1394,19.2916],[-99.1394,19.29162],[-99.1392,19.2928],[-99.13914,19.29333],[-99.139,19.29427],[-99.13897,19.29441],[-99.13882,19.29532],[-99.13829,19.2953],[-99.13686,19.29526],[-99.13626,19.29523],[-99.13573,19.29522],[-99.13512,19.29524],[-99.13206,19.29204],[-99.13149,19.29523],[-99.13334,19.29597],[-99.1338,19.29615],[-99.13456,19.29644],[-99.13547,19.29681],[-99.13718,19.29749],[-99.1383,19.29796],[-99.13847,19.29802],[-99.13893,19.2982],[-99.14,19.29857],[-99.14111,19.299],[-99.14166,19.29921],[-99.14262,19.29961],[-99.14339,19.29991],[-99.14451,19.30034],[-99.14462,19.30038],[-99.14459,19.30047],[-99.14393,19.30244],[-99.1433,19.30433],[-99.14275,19.30566],[-99.14206,19.30754],[-99.14192,19.30845],[-99.14237,19.30856],[-99.14373,19.30923],[-99.14375,19.31033],[-99.14372,19.3105],[-99.14379,19.31062],[-99.14386,19.31064],[-99.1453,19.31042],[-99.1471,19.31096],[-99.14728,19.31048],[-99.1484,19.31084],[-99.14737,19.31377],[-99.14685,19.3152],[-99.14598,19.31772],[-99.14618,19.31774],[-99.14579,19.31896],[-99.14611,19.31938],[-99.14555,19.3204],[-99.14471,19.321],[-99.14506,19.32115],[-99.14546,19.32123],[-99.14525,19.32206],[-99.14526,19.32221],[-99.14565,19.32235],[-99.1454,19.32369],[-99.14576,19.3238],[-99.14543,19.32488],[-99.14601,19.32503],[-99.14613,19.32522],[-99.1464,19.32586],[-99.14632,19.32642],[-99.14675,19.32646],[-99.14795,19.32658],[-99.14843,19.32671],[-99.14906,19.32779],[-99.15009,19.32839],[-99.1506,19.32868],[-99.15053,19.32877],[-99.1501,19.32947],[-99.15013,19.32981],[-99.14918,19.33039],[-99.14866,19.33074],[-99.14808,19.33077],[-99.14789,19.33073],[-99.14784,19.33106],[-99.14773,19.33155],[-99.14754,19.33148],[-99.14696,19.33177],[-99.14658,19.33178],[-99.14651,19.33207],[-99.14626,19.33279],[-99.1462,19.3329],[-99.14594,19.33319],[-99.14606,19.33339],[-99.14621,19.3337],[-99.14684,19.33413],[-99.14707,19.33437],[-99.14743,19.3336],[-99.14748,19.33348],[-99.14805,19.33326],[-99.14857,19.3331],[-99.14901,19.33296],[-99.14921,19.33304],[-99.14965,19.33238],[-99.14969,19.33235],[-99.15032,19.33249],[-99.1504,19.3326],[-99.15103,19.33271],[-99.15136,19.3324],[-99.15154,19.33252],[-99.15151,19.33277],[-99.15218,19.33284],[-99.15254,19.33286],[-99.15292,19.33298],[-99.15312,19.3331],[-99.1532,19.33322],[-99.15334,19.33357],[-99.15337,19.33434],[-99.15403,19.33448],[-99.15409,19.33517],[-99.15448,19.3353],[-99.1546,19.33538],[-99.15487,19.33566],[-99.15514,19.33607],[-99.15516,19.33646],[-99.15483,19.33656],[-99.1545,19.3376],[-99.1541,19.33862],[-99.15475,19.3392],[-99.15519,19.33992],[-99.15571,19.34062],[-99.15589,19.34071],[-99.15633,19.3397],[-99.15658,19.33869],[-99.1567,19.33827],[-99.15667,19.33798],[-99.15735,19.33779],[-99.15759,19.33758],[-99.15783,19.33753],[-99.15802,19.33812],[-99.15831,19.33847],[-99.15844,19.33839],[-99.1586,19.33813],[-99.15905,19.33819],[-99.16,19.33856],[-99.15964,19.33918],[-99.16,19.33946],[-99.16097,19.33898],[-99.16141,19.33791],[-99.1626,19.33816],[-99.16292,19.33821],[-99.16287,19.33833],[-99.1625,19.33932],[-99.16253,19.33963],[-99.16324,19.33983],[-99.16395,19.33997],[-99.16465,19.34023],[-99.16475,19.34045],[-99.16513,19.34078],[-99.16649,19.34095],[-99.16648,19.34112],[-99.16647,19.3413],[-99.16651,19.34148],[-99.16688,19.34179],[-99.16729,19.34191],[-99.16801,19.34214],[-99.16823,19.34231],[-99.16869,19.34173],[-99.16943,19.34132],[-99.16998,19.34135],[-99.17078,19.34144],[-99.1717,19.34154],[-99.17315,19.34171],[-99.17323,19.34171],[-99.17435,19.34183],[-99.17459,19.34096],[-99.17458,19.34068],[-99.17432,19.34023],[-99.17649,19.3379],[-99.17661,19.33764],[-99.1758,19.33694],[-99.17584,19.33687],[-99.1759,19.33675],[-99.17656,19.33722],[-99.17693,19.33743],[-99.17719,19.33755],[-99.1774,19.33781],[-99.17744,19.33792],[-99.17756,19.33804],[-99.17768,19.33823],[-99.17782,19.33848],[-99.17804,19.33895],[-99.17811,19.33903],[-99.17838,19.33931],[-99.17889,19.33976],[-99.17939,19.34018],[-99.17979,19.34041],[-99.17956,19.34086],[-99.17949,19.34096],[-99.17945,19.34113],[-99.17959,19.34146],[-99.17964,19.34165],[-99.17964,19.34166],[-99.17973,19.34172],[-99.17977,19.34206],[-99.17993,19.34245],[-99.18003,19.34249],[-99.18089,19.34222],[-99.18165,19.34198],[-99.18134,19.3435],[-99.18098,19.34523],[-99.18067,19.34679],[-99.18072,19.34681],[-99.18082,19.34706],[-99.1808,19.34712],[-99.18076,19.34717],[-99.18072,19.34721],[-99.18067,19.34723],[-99.18055,19.34724],[-99.18013,19.34927],[-99.18006,19.34943],[-99.17978,19.34983],[-99.17925,19.35034],[-99.17845,19.35101],[-99.17832,19.35112],[-99.17766,19.35174],[-99.1776,19.35182],[-99.17749,19.35201],[-99.17868,19.35187],[-99.17993,19.35165],[-99.18372,19.3511],[-99.18499,19.35089],[-99.18608,19.35056],[-99.18652,19.35043],[-99.18628,19.35102],[-99.18425,19.35745],[-99.18302,19.36135],[-99.18268,19.36235],[-99.182,19.36433],[-99.18154,19.36577],[-99.18134,19.36637],[-99.18087,19.36784],[-99.18199,19.36866],[-99.18249,19.36905],[-99.18258,19.36911],[-99.1836,19.36976],[-99.18527,19.37084],[-99.18759,19.37227],[-99.18718,19.37259],[-99.18707,19.3743],[-99.18705,19.37446],[-99.18682,19.3753],[-99.18627,19.37702],[-99.18574,19.37833],[-99.18472,19.38085],[-99.18303,19.38517],[-99.18394,19.38516],[-99.18518,19.38513],[-99.18593,19.38512],[-99.18647,19.38511],[-99.1864,19.38572],[-99.18613,19.38835],[-99.18611,19.38853],[-99.18599,19.38966],[-99.18583,19.39111],[-99.1857,19.39234],[-99.18379,19.39239],[-99.18383,19.39201],[-99.18293,19.39202],[-99.18289,19.3924],[-99.18123,19.39244],[-99.18105,19.39342],[-99.18057,19.39488],[-99.17994,19.39643],[-99.17946,19.39701],[-99.1789,19.39737],[-99.17951,19.3974],[-99.18015,19.39727],[-99.18096,19.3971],[-99.1821,19.39696],[-99.1841,19.39616],[-99.18521,19.39596],[-99.18531,19.39593],[-99.18517,19.39763],[-99.18506,19.39851],[-99.18502,19.39899],[-99.18496,19.39983],[-99.18494,19.40003],[-99.18482,19.40137],[-99.18338,19.40152],[-99.18337,19.40223],[-99.18332,19.40326],[-99.18323,19.40326],[-99.18318,19.40384],[-99.18299,19.40583],[-99.18426,19.40626],[-99.18433,19.40749],[-99.1843,19.40783],[-99.18355,19.40932],[-99.1835,19.40941],[-99.18215,19.41149],[-99.18162,19.41236],[-99.18114,19.41308],[-99.1805,19.41414],[-99.17975,19.41555],[-99.17953,19.41593],[-99.17833,19.41811],[-99.17777,19.41929],[-99.17749,19.41947],[-99.17699,19.42013],[-99.17674,19.42023],[-99.17655,19.42045],[-99.17644,19.42069],[-99.17642,19.42084],[-99.17638,19.42097],[-99.17633,19.42112],[-99.17635,19.42119],[-99.17566,19.4226],[-99.17543,19.42273],[-99.17529,19.42269],[-99.17526,19.42275],[-99.1751,19.42316],[-99.17568,19.42334],[-99.17594,19.42333],[-99.17694,19.42347],[-99.17764,19.4236],[-99.17821,19.4241],[-99.1799,19.42836],[-99.18051,19.42808],[-99.18079,19.42803],[-99.18097,19.42805],[-99.18124,19.42818],[-99.18141,19.42834],[-99.18159,19.42859],[-99.1818,19.42896],[-99.1821,19.42929],[-99.18267,19.42965],[-99.18264,19.42996],[-99.18274,19.43134],[-99.18415,19.43137],[-99.18487,19.43139],[-99.18645,19.43143],[-99.19116,19.4315],[-99.19044,19.43785],[-99.19375,19.43799],[-99.1938,19.43812],[-99.19359,19.44074],[-99.19354,19.44159],[-99.19352,19.44214],[-99.19417,19.4421],[-99.19415,19.44297],[-99.19524,19.44311],[-99.19604,19.4432],[-99.19842,19.44398],[-99.19833,19.44548],[-99.19751,19.44545],[-99.19789,19.44571],[-99.19896,19.44618],[-99.1996,19.44661],[-99.2,19.44693],[-99.20049,19.44729],[-99.2004,19.44779],[-99.19974,19.45036],[-99.19963,19.45079],[-99.19948,19.45142],[-99.20093,19.4518],[-99.19983,19.45255],[-99.20189,19.45317],[-99.20167,19.45367],[-99.2014,19.45421],[-99.20102,19.45694],[-99.20096,19.45733],[-99.20083,19.45816],[-99.20153,19.45819],[-99.2029,19.45861],[-99.20392,19.45891],[-99.20671,19.4597],[-99.20861,19.46023],[-99.21014,19.46067],[-99.21123,19.46124],[-99.21173,19.46167],[-99.21263,19.46245],[-99.21394,19.46041],[-99.21422,19.45867],[-99.21486,19.45737],[-99.21517,19.45654],[-99.21529,19.45622],[-99.21627,19.4549],[-99.21677,19.45428],[-99.21698,19.45407],[-99.21736,19.45367],[-99.21814,19.45325],[-99.21852,19.45305],[-99.21977,19.45288],[-99.21996,19.45188],[-99.22012,19.449],[-99.22011,19.44597],[-99.21998,19.44556],[-99.21976,19.44525],[-99.21954,19.44502],[-99.21941,19.44491],[-99.2183,19.4443],[-99.21813,19.44411],[-99.22014,19.44381],[-99.22094,19.44343],[-99.22196,19.44269],[-99.22785,19.43856],[-99.22796,19.43844],[-99.22811,19.43821],[-99.22813,19.4378],[-99.22711,19.43682],[-99.22716,19.43621],[-99.2275,19.43523],[-99.22734,19.43479],[-99.22702,19.43455],[-99.2263,19.43413],[-99.22616,19.43372],[-99.22687,19.43159],[-99.22682,19.43134],[-99.22651,19.43107],[-99.22355,19.42962],[-99.22321,19.42931],[-99.22255,19.42732],[-99.22227,19.42702],[-99.22256,19.42671],[-99.22277,19.42639],[-99.22286,19.42641],[-99.22325,19.42656],[-99.22378,19.42681],[-99.22432,19.42702],[-99.22464,19.42697],[-99.22587,19.42623],[-99.2268,19.42454],[-99.22719,19.42426],[-99.22742,19.42425],[-99.22764,19.42422],[-99.22779,19.42413],[-99.22786,19.42368],[-99.22788,19.4236],[-99.22794,19.42357],[-99.2283,19.42351],[-99.22865,19.42319],[-99.22897,19.42262],[-99.2301,19.42183],[-99.23053,19.42176],[-99.23084,19.42171],[-99.23097,19.42126],[-99.23102,19.42107],[-99.23111,19.42093],[-99.23151,19.42076],[-99.23182,19.41999],[-99.2321,19.41987],[-99.23236,19.41968],[-99.23242,19.41947],[-99.23255,19.41939],[-99.23299,19.41926],[-99.23299,19.41889],[-99.23309,19.41859],[-99.23306,19.41839],[-99.23316,19.41816],[-99.23319,19.41805],[-99.23338,19.41748],[-99.23376,19.41672],[-99.23425,19.41669],[-99.2345,19.4164],[-99.23463,19.41597],[-99.23545,19.41544],[-99.23567,19.41501],[-99.23593,19.4145],[-99.2362,19.41409],[-99.23691,19.41271],[-99.2373,19.41236],[-99.23811,19.41208],[-99.2384,19.41201],[-99.23892,19.41204],[-99.23991,19.41219],[-99.24083,19.41192],[-99.24268,19.41106],[-99.24301,19.4108],[-99.2437,19.41053],[-99.24423,19.40994],[-99.24606,19.40928],[-99.24753,19.40881],[-99.24797,19.40878],[-99.24852,19.40847],[-99.24918,19.40773],[-99.24974,19.40737],[-99.25034,19.40699],[-99.25094,19.40642],[-99.25167,19.40623],[-99.25284,19.40574],[-99.25334,19.40509],[-99.25372,19.40501],[-99.25486,19.40455],[-99.25581,19.40357],[-99.25603,19.40312],[-99.25601,19.40254],[-99.25667,19.40072],[-99.25689,19.40048],[-99.25738,19.40112],[-99.25815,19.40243],[-99.25827,19.40268],[-99.25824,19.40309],[-99.25772,19.40451],[-99.25788,19.40484],[-99.25868,19.40406],[-99.25883,19.40375],[-99.25923,19.40177],[-99.25907,19.40146],[-99.25948,19.40093],[-99.25987,19.40054],[-99.26091,19.39996],[-99.2613,19.39933],[-99.26188,19.39935],[-99.26241,19.39971],[-99.26392,19.39943],[-99.26401,19.39876],[-99.26425,19.39869],[-99.2644,19.39869],[-99.26486,19.39885],[-99.26508,19.39895],[-99.26576,19.39819],[-99.26628,19.39662],[-99.26644,19.39608],[-99.26724,19.39491],[-99.26797,19.39409],[-99.26807,19.39339],[-99.2681,19.39297],[-99.26811,19.39265],[-99.26856,19.39193],[-99.26948,19.39136],[-99.26959,19.39079],[-99.26957,19.39038],[-99.27022,19.39011],[-99.27104,19.38993],[-99.27243,19.38968],[-99.27291,19.38902],[-99.27297,19.38855],[-99.27321,19.38759],[-99.27369,19.38704],[-99.27607,19.38519],[-99.27604,19.38558],[-99.27912,19.38323],[-99.28004,19.38227],[-99.28177,19.38148],[-99.28283,19.3814],[-99.2833,19.38044],[-99.28377,19.37998],[-99.28423,19.37979],[-99.28457,19.37969],[-99.28504,19.37905],[-99.28507,19.378],[-99.28567,19.37763],[-99.28571,19.37725],[-99.2857,19.37644],[-99.28613,19.37643],[-99.2864,19.37643],[-99.28767,19.37668],[-99.28805,19.37579],[-99.28864,19.37511],[-99.28927,19.37517],[-99.28972,19.375],[-99.29003,19.37501],[-99.29013,19.37501],[-99.29061,19.37502],[-99.29077,19.37432],[-99.29107,19.37402],[-99.29118,19.37349],[-99.29206,19.37328],[-99.29316,19.37202],[-99.29376,19.37044],[-99.29389,19.37015],[-99.29414,19.37005],[-99.29477,19.36986],[-99.29559,19.36908],[-99.29624,19.36918],[-99.29747,19.36941],[-99.29817,19.36919],[-99.29844,19.36888],[-99.29902,19.36752],[-99.29968,19.36817],[-99.30058,19.36906],[-99.30123,19.3697],[-99.30089,19.37062],[-99.301,19.37194],[-99.30115,19.37223],[-99.30156,19.37492],[-99.30194,19.37576],[-99.30157,19.37654],[-99.30148,19.37714],[-99.30156,19.37717],[-99.30214,19.37737],[-99.30348,19.37783],[-99.30428,19.37731],[-99.30501,19.37683],[-99.30613,19.3736],[-99.30776,19.37156],[-99.30928,19.37158],[-99.31071,19.37041],[-99.31309,19.37045],[-99.31381,19.3693],[-99.31406,19.36839],[-99.31453,19.36724],[-99.31539,19.36589],[-99.31686,19.36631],[-99.31761,19.36573],[-99.31805,19.36482],[-99.31812,19.36416],[-99.31954,19.36362],[-99.3207,19.36044],[-99.31849,19.35848],[-99.31806,19.35813],[-99.31778,19.35801],[-99.31806,19.35813],[-99.31813,19.35816],[-99.31915,19.35763],[-99.32011,19.35772],[-99.32075,19.3582],[-99.32204,19.35862],[-99.32329,19.35834],[-99.32415,19.35734],[-99.32504,19.35603],[-99.32505,19.35572],[-99.32571,19.355],[-99.32639,19.35367],[-99.32673,19.35382]]],[[[-99.10057,19.50213],[-99.10075,19.50221],[-99.1015,19.50259],[-99.10171,19.50319],[-99.10164,19.50345],[-99.10152,19.50379],[-99.10148,19.50391],[-99.10175,19.50443],[-99.10219,19.50474],[-99.10263,19.50499],[-99.10309,19.50503],[-99.10465,19.50495],[-99.1056,19.50484],[-99.10613,19.50423],[-99.10653,19.5045],[-99.10708,19.50464],[-99.10769,19.50498],[-99.10783,19.50512],[-99.10802,19.5053],[-99.10823,19.50547],[-99.10882,19.50574],[-99.10859,19.50591],[-99.10807,19.50632],[-99.10711,19.50715],[-99.10618,19.50793],[-99.10559,19.50742],[-99.10551,19.5074],[-99.10508,19.50742],[-99.10351,19.50752],[-99.10363,19.50879],[-99.10399,19.50978],[-99.103,19.51081],[-99.10241,19.51149],[-99.10283,19.51141],[-99.10343,19.51129],[-99.10552,19.51033],[-99.10603,19.50999],[-99.10674,19.51045],[-99.1073,19.50968],[-99.10751,19.51069],[-99.10784,19.51046],[-99.10865,19.51049],[-99.10914,19.51074],[-99.10943,19.51031],[-99.1099,19.51046],[-99.11023,19.51104],[-99.11059,19.51117],[-99.11441,19.51106],[-99.11593,19.51305],[-99.11688,19.51324],[-99.12098,19.51627],[-99.1223,19.51542],[-99.12265,19.51509],[-99.12358,19.51402],[-99.12418,19.51317],[-99.12414,19.51286],[-99.12442,19.51114],[-99.12416,19.5115],[-99.12408,19.5116],[-99.12285,19.51125],[-99.12215,19.5109],[-99.12197,19.51048],[-99.12196,19.51039],[-99.12109,19.50957],[-99.12061,19.50931],[-99.12047,19.50919],[-99.12037,19.509],[-99.1204,19.50879],[-99.12053,19.50876],[-99.12055,19.50861],[-99.12041,19.50842],[-99.11993,19.50802],[-99.11985,19.50783],[-99.11975,19.50767],[-99.11971,19.50761],[-99.11951,19.50715],[-99.11935,19.50662],[-99.11934,19.50603],[-99.11924,19.50559],[-99.11927,19.50456],[-99.11953,19.50458],[-99.11978,19.50468],[-99.1208,19.50429],[-99.12097,19.50353],[-99.12236,19.50335],[-99.12173,19.50266],[-99.12131,19.50246],[-99.12091,19.50227],[-99.11733,19.5017],[-99.11738,19.50166],[-99.11748,19.50157],[-99.1176,19.50145],[-99.11772,19.50132],[-99.11781,19.50122],[-99.11627,19.50044],[-99.11613,19.5007],[-99.11589,19.50153],[-99.11514,19.50104],[-99.11377,19.50003],[-99.11431,19.49939],[-99.11464,19.49897],[-99.11517,19.49834],[-99.1157,19.49769],[-99.11596,19.49738],[-99.11537,19.49697],[-99.11345,19.49562],[-99.11369,19.49434],[-99.11172,19.49391],[-99.11224,19.49345],[-99.11171,19.49322],[-99.11284,19.49267],[-99.11434,19.49249],[-99.11605,19.4914],[-99.11619,19.49051],[-99.11586,19.49023],[-99.11587,19.49003],[-99.11576,19.48985],[-99.11562,19.48971],[-99.11557,19.48956],[-99.11545,19.48907],[-99.11618,19.48904],[-99.11546,19.48889],[-99.11531,19.48864],[-99.11464,19.48845],[-99.11424,19.48893],[-99.11463,19.48926],[-99.11303,19.48973],[-99.11274,19.4891],[-99.11309,19.48903],[-99.11417,19.48793],[-99.11274,19.48739],[-99.11328,19.48579],[-99.11366,19.48466],[-99.11389,19.48398],[-99.11437,19.48251],[-99.11226,19.48142],[-99.11187,19.48231],[-99.11132,19.48364],[-99.10691,19.48273],[-99.10672,19.48267],[-99.10622,19.48244],[-99.10462,19.48469],[-99.1025,19.48741],[-99.1009,19.48947],[-99.10049,19.48969],[-99.10038,19.48985],[-99.10058,19.48989],[-99.10019,19.49068],[-99.10021,19.49169],[-99.10026,19.49229],[-99.10032,19.49269],[-99.10034,19.49359],[-99.10033,19.49365],[-99.10003,19.49462],[-99.09895,19.4963],[-99.09868,19.4967],[-99.0981,19.49759],[-99.09749,19.49854],[-99.09788,19.49875],[-99.09908,19.49949],[-99.09985,19.49994],[-99.09926,19.50074],[-99.10006,19.50124],[-99.1001,19.50194],[-99.10057,19.50213]]],[[[-99.11239,19.57124],[-99.11297,19.57374],[-99.11466,19.5798],[-99.11691,19.58144],[-99.1186,19.58446],[-99.11789,19.59059],[-99.11946,19.59199],[-99.12371,19.59276],[-99.12699,19.58851],[-99.12836,19.58801],[-99.13071,19.58715],[-99.13376,19.58624],[-99.13376,19.58489],[-99.1379,19.58113],[-99.13914,19.57847],[-99.13957,19.5754],[-99.14039,19.57475],[-99.14367,19.57218],[-99.14476,19.57083],[-99.14581,19.56875],[-99.14589,19.56746],[-99.146,19.5659],[-99.1468,19.56464],[-99.149,19.56237],[-99.14919,19.56201],[-99.1509,19.56052],[-99.15162,19.56138],[-99.15281,19.56196],[-99.15333,19.56156],[-99.15424,19.56138],[-99.15614,19.56015],[-99.1581,19.55735],[-99.15805,19.55649],[-99.15776,19.55595],[-99.15757,19.55505],[-99.15809,19.55369],[-99.15928,19.55188],[-99.1609,19.54926],[-99.16007,19.54911],[-99.15976,19.54918],[-99.15951,19.54923],[-99.15921,19.5492],[-99.15921,19.54917],[-99.15853,19.54882],[-99.15865,19.54832],[-99.15819,19.54812],[-99.15585,19.54709],[-99.15535,19.54687],[-99.15467,19.54654],[-99.15292,19.54572],[-99.15108,19.54485],[-99.15122,19.54463],[-99.15164,19.54394],[-99.15264,19.54233],[-99.15323,19.54139],[-99.15396,19.54031],[-99.15707,19.53648],[-99.15804,19.53529],[-99.15851,19.53392],[-99.15585,19.53244],[-99.1574,19.53042],[-99.15852,19.52896],[-99.1568,19.52809],[-99.15883,19.52725],[-99.15858,19.5272],[-99.15649,19.52584],[-99.1564,19.52578],[-99.15613,19.52561],[-99.15536,19.52503],[-99.15465,19.52446],[-99.15379,19.52398],[-99.15306,19.52365],[-99.1527,19.52349],[-99.15183,19.52309],[-99.15109,19.52276],[-99.14876,19.5217],[-99.14836,19.52151],[-99.14804,19.52139],[-99.14716,19.521],[-99.1459,19.52046],[-99.14352,19.51922],[-99.14288,19.51898],[-99.1429,19.51863],[-99.14304,19.51782],[-99.14174,19.5178],[-99.13854,19.51767],[-99.13621,19.51767],[-99.13453,19.51765],[-99.13451,19.51827],[-99.13248,19.51827],[-99.13236,19.51752],[-99.13201,19.51351],[-99.13128,19.51356],[-99.13126,19.51305],[-99.13086,19.51284],[-99.13051,19.51295],[-99.1299,19.5137],[-99.12991,19.51424],[-99.12867,19.5156],[-99.12803,19.5164],[-99.12718,19.51723],[-99.12665,19.51683],[-99.12642,19.51666],[-99.12523,19.51815],[-99.12598,19.51864],[-99.1267,19.51905],[-99.12595,19.51923],[-99.12436,19.5196],[-99.12574,19.52102],[-99.1259,19.52121],[-99.12617,19.52173],[-99.12641,19.52221],[-99.12672,19.5228],[-99.12706,19.52346],[-99.12738,19.52407],[-99.12773,19.52431],[-99.128,19.52453],[-99.12818,19.52588],[-99.12738,19.53171],[-99.12737,19.53508],[-99.13057,19.53609],[-99.13028,19.5365],[-99.12991,19.53699],[-99.12815,19.53939],[-99.12598,19.54164],[-99.12537,19.54239],[-99.12421,19.54403],[-99.12419,19.54405],[-99.12323,19.54497],[-99.12264,19.54562],[-99.12198,19.54687],[-99.12131,19.54848],[-99.12104,19.54913],[-99.12044,19.54985],[-99.11848,19.55219],[-99.11562,19.55404],[-99.11572,19.55666],[-99.11485,19.5576],[-99.1081,19.56489],[-99.11182,19.56873],[-99.11239,19.57124]]],[[[-99.0616,19.32348],[-99.06315,19.32459],[-99.06357,19.324],[-99.06372,19.32406],[-99.06444,19.32245],[-99.06499,19.32127],[-99.06454,19.32108],[-99.06539,19.31902],[-99.06456,19.31877],[-99.06481,19.31806],[-99.06496,19.31759],[-99.06514,19.31705],[-99.06461,19.31677],[-99.06332,19.3159],[-99.06289,19.3158],[-99.06084,19.31538],[-99.06076,19.31503],[-99.06384,19.31577],[-99.06418,19.31547],[-99.06461,19.3151],[-99.06565,19.31537],[-99.06577,19.31479],[-99.066,19.31361],[-99.06638,19.31123],[-99.06685,19.30973],[-99.06682,19.30809],[-99.06674,19.30673],[-99.06592,19.30641],[-99.06502,19.3061],[-99.06353,19.30563],[-99.0634,19.30568],[-99.06266,19.30544],[-99.06049,19.30469],[-99.05987,19.30444],[-99.05939,19.30503],[-99.05693,19.30803],[-99.0558,19.30946],[-99.05457,19.31094],[-99.05411,19.31148],[-99.05401,19.31161],[-99.05247,19.31048],[-99.05089,19.31245],[-99.05024,19.31294],[-99.04886,19.31189],[-99.04812,19.31278],[-99.04751,19.31235],[-99.0474,19.31227],[-99.04686,19.31188],[-99.04659,19.31169],[-99.04523,19.31337],[-99.04493,19.31286],[-99.04492,19.31237],[-99.04487,19.31145],[-99.04484,19.31074],[-99.04475,19.30983],[-99.04472,19.30931],[-99.04466,19.30869],[-99.04444,19.30769],[-99.04396,19.307],[-99.04339,19.30649],[-99.04309,19.30624],[-99.04182,19.30535],[-99.04047,19.30696],[-99.04009,19.30683],[-99.0395,19.30634],[-99.03925,19.3062],[-99.03846,19.30592],[-99.03813,19.30584],[-99.03743,19.30562],[-99.03631,19.30528],[-99.0361,19.30572],[-99.03598,19.30597],[-99.03588,19.30618],[-99.03575,19.30644],[-99.03551,19.30702],[-99.03538,19.30737],[-99.03517,19.30789],[-99.03439,19.30946],[-99.03416,19.30988],[-99.03294,19.30944],[-99.03178,19.30861],[-99.03161,19.30851],[-99.03058,19.30772],[-99.0291,19.30656],[-99.0287,19.30624],[-99.02752,19.30519],[-99.02655,19.30421],[-99.02572,19.30341],[-99.02538,19.3029],[-99.02487,19.30395],[-99.02461,19.3045],[-99.02429,19.30516],[-99.02408,19.30518],[-99.02338,19.30503],[-99.0226,19.30575],[-99.02128,19.30522],[-99.01937,19.3048],[-99.01884,19.3036],[-99.01813,19.30405],[-99.01762,19.3044],[-99.01705,19.30432],[-99.01677,19.30414],[-99.01653,19.30334],[-99.01672,19.30246],[-99.01684,19.30237],[-99.01685,19.30207],[-99.01666,19.30176],[-99.01624,19.30173],[-99.01591,19.30162],[-99.01506,19.3012],[-99.01396,19.30077],[-99.01322,19.30101],[-99.01263,19.30076],[-99.01209,19.30023],[-99.01222,19.29995],[-99.01231,19.29975],[-99.01255,19.29973],[-99.01262,19.29959],[-99.01293,19.29878],[-99.0121,19.29836],[-99.01073,19.29789],[-99.01043,19.29843],[-99.0099,19.29825],[-99.00956,19.29805],[-99.00872,19.29761],[-99.00744,19.29768],[-99.00737,19.298],[-99.0064,19.29775],[-99.00652,19.29742],[-99.00672,19.29685],[-99.00669,19.29685],[-99.00446,19.29645],[-99.00422,19.29644],[-99.00312,19.29657],[-99.00141,19.29699],[-99.00046,19.29698],[-98.99978,19.2968],[-98.99973,19.29733],[-98.99836,19.29719],[-98.99827,19.29745],[-98.99742,19.29732],[-98.99741,19.2975],[-98.9962,19.29762],[-98.99559,19.29777],[-98.99524,19.29791],[-98.99465,19.29826],[-98.99489,19.29748],[-98.99495,19.29653],[-98.99559,19.2965],[-98.99601,19.29646],[-98.99611,19.29564],[-98.99531,19.29555],[-98.99561,19.29381],[-98.9925,19.29332],[-98.9918,19.29345],[-98.99147,19.29361],[-98.9889,19.2954],[-98.98928,19.29268],[-98.98996,19.28853],[-98.99008,19.28749],[-98.99043,19.28553],[-98.99062,19.2838],[-98.99063,19.28378],[-98.98982,19.28367],[-98.98927,19.28359],[-98.987,19.28329],[-98.98679,19.28326],[-98.9861,19.28317],[-98.98507,19.28305],[-98.98417,19.28766],[-98.98018,19.28717],[-98.97608,19.28662],[-98.97028,19.2858],[-98.96928,19.29234],[-98.96824,19.29916],[-98.96756,19.30375],[-98.96722,19.30597],[-98.96808,19.30603],[-98.96885,19.30613],[-98.97002,19.3063],[-98.97003,19.3063],[-98.97181,19.30654],[-98.97241,19.30662],[-98.97268,19.30661],[-98.97287,19.30658],[-98.97324,19.30649],[-98.97339,19.30642],[-98.97354,19.30635],[-98.97397,19.30605],[-98.97405,19.306],[-98.97526,19.30514],[-98.97669,19.30613],[-98.97729,19.30654],[-98.97738,19.30644],[-98.97747,19.30634],[-98.97814,19.30561],[-98.97976,19.30662],[-98.97933,19.30732],[-98.9793,19.30736],[-98.97802,19.30676],[-98.97796,19.30683],[-98.97758,19.30728],[-98.97753,19.30785],[-98.97752,19.30788],[-98.9775,19.30788],[-98.97733,19.30783],[-98.97717,19.30793],[-98.97712,19.30817],[-98.97672,19.30834],[-98.97633,19.30851],[-98.97611,19.30835],[-98.97574,19.30863],[-98.97567,19.30868],[-98.97566,19.30931],[-98.9758,19.30934],[-98.97598,19.30938],[-98.97595,19.30951],[-98.9759,19.3097],[-98.97521,19.30966],[-98.97509,19.3102],[-98.97438,19.31019],[-98.97403,19.31019],[-98.97396,19.31032],[-98.973,19.31114],[-98.97302,19.31122],[-98.97316,19.31137],[-98.97328,19.31191],[-98.97371,19.31277],[-98.9737,19.31285],[-98.97369,19.31292],[-98.97349,19.31341],[-98.97348,19.31411],[-98.97369,19.3146],[-98.97326,19.31496],[-98.97324,19.31491],[-98.97311,19.31441],[-98.97304,19.31421],[-98.97291,19.3143],[-98.97262,19.31431],[-98.97248,19.31447],[-98.97229,19.31513],[-98.97202,19.31555],[-98.97186,19.31593],[-98.97197,19.31612],[-98.97211,19.31632],[-98.97245,19.31667],[-98.9725,19.31687],[-98.97248,19.31715],[-98.97236,19.3172],[-98.97194,19.3173],[-98.97157,19.31768],[-98.97104,19.31887],[-98.97058,19.31964],[-98.97049,19.32036],[-98.9704,19.32054],[-98.97035,19.32058],[-98.97023,19.32069],[-98.96905,19.32047],[-98.96868,19.32034],[-98.9685,19.32027],[-98.96855,19.32003],[-98.96862,19.31973],[-98.96871,19.31925],[-98.96867,19.31871],[-98.96865,19.31854],[-98.96864,19.3185],[-98.96813,19.31833],[-98.96793,19.3183],[-98.96699,19.31788],[-98.96644,19.31842],[-98.96525,19.31815],[-98.96457,19.31847],[-98.96525,19.32122],[-98.96635,19.32567],[-98.96828,19.32572],[-98.9683,19.32569],[-98.96831,19.32567],[-98.96896,19.32474],[-98.96931,19.32478],[-98.96974,19.32484],[-98.96931,19.32478],[-98.96905,19.32475],[-98.96919,19.32491],[-98.96973,19.32542],[-98.97253,19.32852],[-98.97251,19.32865],[-98.97136,19.32851],[-98.97035,19.32843],[-98.97033,19.32878],[-98.97023,19.32983],[-98.97066,19.32983],[-98.97093,19.32993],[-98.97066,19.33075],[-98.97057,19.33111],[-98.97019,19.33161],[-98.96917,19.33135],[-98.96871,19.33172],[-98.96838,19.33203],[-98.97163,19.33481],[-98.97279,19.33573],[-98.97433,19.33703],[-98.97522,19.33803],[-98.97582,19.33886],[-98.97716,19.34103],[-98.97728,19.34123],[-98.97808,19.34244],[-98.97879,19.34329],[-98.98449,19.34876],[-98.98546,19.3497],[-98.98604,19.35026],[-98.98717,19.35136],[-98.98809,19.35225],[-98.98878,19.3529],[-98.98918,19.35328],[-98.98963,19.35371],[-98.99011,19.35417],[-98.99059,19.35463],[-98.99136,19.35536],[-98.99147,19.35546],[-98.9925,19.35633],[-98.99456,19.35814],[-98.99445,19.35885],[-98.99418,19.35905],[-98.99352,19.36029],[-98.99493,19.36042],[-98.99565,19.36049],[-98.99624,19.36056],[-98.99679,19.3606],[-98.99676,19.3598],[-98.99674,19.35935],[-98.99694,19.35939],[-98.9973,19.35941],[-98.99776,19.35938],[-98.99836,19.35917],[-98.99853,19.35911],[-98.9992,19.35883],[-99.00253,19.35753],[-99.00521,19.35648],[-99.00561,19.35632],[-99.00718,19.35567],[-99.00832,19.35521],[-99.00969,19.35468],[-99.01109,19.35411],[-99.01258,19.35348],[-99.01347,19.3531],[-99.01489,19.35251],[-99.01508,19.35243],[-99.01578,19.35211],[-99.01658,19.35163],[-99.01721,19.35103],[-99.01785,19.35011],[-99.01883,19.35052],[-99.01957,19.35076],[-99.02049,19.35087],[-99.02139,19.35087],[-99.02203,19.35068],[-99.02274,19.35068],[-99.02357,19.35073],[-99.02518,19.35083],[-99.02538,19.34963],[-99.02588,19.3497],[-99.02575,19.35029],[-99.02674,19.3503],[-99.02684,19.34983],[-99.02722,19.34988],[-99.02749,19.34841],[-99.02769,19.34731],[-99.02805,19.34529],[-99.02821,19.34445],[-99.02953,19.34433],[-99.02992,19.34429],[-99.03049,19.34424],[-99.03169,19.34412],[-99.03278,19.34402],[-99.03357,19.34395],[-99.03381,19.34393],[-99.03409,19.34391],[-99.03409,19.3438],[-99.03516,19.34009],[-99.03521,19.33988],[-99.03559,19.33869],[-99.03559,19.33867],[-99.03585,19.33769],[-99.03598,19.33731],[-99.03629,19.33643],[-99.03642,19.33608],[-99.03661,19.33555],[-99.03667,19.33535],[-99.03884,19.33581],[-99.03924,19.33593],[-99.03997,19.33619],[-99.04138,19.3367],[-99.04279,19.33723],[-99.04283,19.33724],[-99.04284,19.3368],[-99.04284,19.33628],[-99.04286,19.33556],[-99.04281,19.33314],[-99.04278,19.33269],[-99.04282,19.33228],[-99.04293,19.33145],[-99.04337,19.3296],[-99.0437,19.33008],[-99.04441,19.33025],[-99.0446,19.32962],[-99.0449,19.33002],[-99.04479,19.33041],[-99.04665,19.33089],[-99.04703,19.32944],[-99.04718,19.32901],[-99.04738,19.32826],[-99.04749,19.32787],[-99.04771,19.32705],[-99.04783,19.32662],[-99.04822,19.32675],[-99.04929,19.32714],[-99.04971,19.32729],[-99.05064,19.3263],[-99.05123,19.32569],[-99.0514,19.32584],[-99.05093,19.32455],[-99.05137,19.32401],[-99.05167,19.32363],[-99.05193,19.32331],[-99.05219,19.32298],[-99.05377,19.32407],[-99.05366,19.32421],[-99.0551,19.32538],[-99.05667,19.32651],[-99.05675,19.3264],[-99.05745,19.32554],[-99.05773,19.3252],[-99.05831,19.32448],[-99.0586,19.32413],[-99.05905,19.32357],[-99.05939,19.32316],[-99.06005,19.32236],[-99.0616,19.32348]]],[[[-99.08537,19.33546],[-99.08422,19.33527],[-99.08171,19.33483],[-99.08094,19.33469],[-99.0806,19.33648],[-99.0803,19.33838],[-99.08143,19.33856],[-99.08192,19.33863],[-99.08237,19.33871],[-99.0831,19.33882],[-99.08274,19.34099],[-99.0813,19.34058],[-99.07922,19.34003],[-99.07463,19.33884],[-99.07477,19.33926],[-99.07541,19.34119],[-99.07594,19.34279],[-99.07615,19.34342],[-99.07803,19.34379],[-99.07827,19.34384],[-99.07808,19.34491],[-99.07937,19.34514],[-99.08013,19.34528],[-99.07998,19.34623],[-99.08108,19.34636],[-99.08154,19.34644],[-99.08192,19.3465],[-99.08246,19.3466],[-99.08264,19.34753],[-99.0835,19.34828],[-99.08375,19.34852],[-99.08458,19.34951],[-99.08448,19.35016],[-99.08438,19.35059],[-99.08421,19.35104],[-99.08407,19.35142],[-99.08398,19.35163],[-99.08389,19.35185],[-99.08357,19.35252],[-99.08315,19.35314],[-99.08272,19.35378],[-99.08386,19.35438],[-99.08509,19.35507],[-99.08567,19.35577],[-99.08539,19.35587],[-99.08606,19.35628],[-99.08657,19.35664],[-99.08742,19.35722],[-99.08769,19.35741],[-99.08849,19.35801],[-99.08908,19.35843],[-99.09037,19.35858],[-99.09211,19.35814],[-99.09355,19.35777],[-99.09398,19.35764],[-99.09432,19.35755],[-99.09492,19.35739],[-99.09827,19.35646],[-99.10178,19.35597],[-99.10231,19.35589],[-99.10264,19.35586],[-99.10291,19.35586],[-99.10336,19.35589],[-99.10569,19.3561],[-99.10678,19.35619],[-99.10715,19.35622],[-99.10723,19.35524],[-99.1073,19.3544],[-99.10763,19.35103],[-99.10779,19.3495],[-99.11084,19.34979],[-99.11141,19.34984],[-99.11193,19.34989],[-99.11211,19.34799],[-99.11212,19.34788],[-99.11268,19.34762],[-99.11282,19.34614],[-99.11296,19.34571],[-99.11326,19.34489],[-99.11197,19.3446],[-99.11106,19.34466],[-99.1097,19.34482],[-99.10936,19.3443],[-99.10961,19.34154],[-99.11008,19.33985],[-99.10885,19.33962],[-99.1089,19.33808],[-99.10892,19.33669],[-99.10894,19.33486],[-99.10923,19.33492],[-99.10978,19.33502],[-99.11019,19.33368],[-99.1102,19.33364],[-99.11043,19.33296],[-99.11017,19.3327],[-99.11,19.33234],[-99.10982,19.33173],[-99.10963,19.33131],[-99.10914,19.33061],[-99.10894,19.3303],[-99.10801,19.32885],[-99.10793,19.32873],[-99.10759,19.32829],[-99.10684,19.32892],[-99.10613,19.32956],[-99.10591,19.32976],[-99.10543,19.33021],[-99.10521,19.33041],[-99.10426,19.33126],[-99.10365,19.33182],[-99.1015,19.33147],[-99.10163,19.33122],[-99.10055,19.33087],[-99.09968,19.33059],[-99.09939,19.33139],[-99.09853,19.33104],[-99.09807,19.33087],[-99.09738,19.3306],[-99.09637,19.3301],[-99.09626,19.33053],[-99.09471,19.33008],[-99.09383,19.32983],[-99.0939,19.32938],[-99.09225,19.32901],[-99.09199,19.32894],[-99.09154,19.3289],[-99.09131,19.32888],[-99.08989,19.32867],[-99.08897,19.32919],[-99.0885,19.32925],[-99.08833,19.33027],[-99.08736,19.3301],[-99.087,19.33196],[-99.08677,19.33192],[-99.08582,19.33175],[-99.0855,19.33356],[-99.08715,19.33385],[-99.08687,19.3353],[-99.08661,19.33545],[-99.08658,19.33568],[-99.08562,19.3355],[-99.08537,19.33546]]]]},"properties":{"zona":"lomas"}},
{"type":"Feature","geometry":{"type":"MultiPolygon","coordinates":[[[[-99.09991,19.48274],[-99.10114,19.48244],[-99.10333,19.4819],[-99.10357,19.48127],[-99.10342,19.48122],[-99.10478,19.47741],[-99.10325,19.47663],[-99.10394,19.47492],[-99.10732,19.47662],[-99.10766,19.47544],[-99.10813,19.47381],[-99.10873,19.47414],[-99.10921,19.47439],[-99.11082,19.47521],[-99.11148,19.47529],[-99.1117,19.47537],[-99.1124,19.47562],[-99.1136,19.47605],[-99.11363,19.47606],[-99.11441,19.47633],[-99.11481,19.47647],[-99.11441,19.47746],[-99.11608,19.47803],[-99.11576,19.47886],[-99.11512,19.48048],[-99.11481,19.4813],[-99.11437,19.48251],[-99.11389,19.48398],[-99.11366,19.48466],[-99.11328,19.48579],[-99.11274,19.48739],[-99.11417,19.48793],[-99.11684,19.48885],[-99.11732,19.48896],[-99.11798,19.48968],[-99.11975,19.49118],[-99.12037,19.49224],[-99.12125,19.4935],[-99.12236,19.4953],[-99.12357,19.49723],[-99.12408,19.49804],[-99.1243,19.4984],[-99.12456,19.49879],[-99.12482,19.49916],[-99.12541,19.49996],[-99.126,19.50068],[-99.12656,19.5],[-99.12702,19.49944],[-99.12739,19.49973],[-99.12811,19.50028],[-99.13059,19.49721],[-99.13014,19.49673],[-99.12966,19.49625],[-99.13154,19.494],[-99.13331,19.49178],[-99.13304,19.49319],[-99.13283,19.49428],[-99.13394,19.49455],[-99.13709,19.4953],[-99.13817,19.49556],[-99.13885,19.49193],[-99.1393,19.49199],[-99.1401,19.49217],[-99.1403,19.49133],[-99.13988,19.49122],[-99.14036,19.48933],[-99.14192,19.48965],[-99.14268,19.48642],[-99.14374,19.48688],[-99.14321,19.48553],[-99.1422,19.48296],[-99.14125,19.48055],[-99.14071,19.47919],[-99.14014,19.47774],[-99.13974,19.47673],[-99.13924,19.47545],[-99.13878,19.47429],[-99.13749,19.47127],[-99.1384,19.47146],[-99.13939,19.47169],[-99.14018,19.47188],[-99.14077,19.47201],[-99.14335,19.47262],[-99.14342,19.47155],[-99.14347,19.47092],[-99.14505,19.47096],[-99.14485,19.47042],[-99.14448,19.46946],[-99.14415,19.46858],[-99.14368,19.46729],[-99.1431,19.46576],[-99.14305,19.46544],[-99.14312,19.46506],[-99.14524,19.46432],[-99.14631,19.46401],[-99.14683,19.46386],[-99.14774,19.4636],[-99.14804,19.46351],[-99.14833,19.46344],[-99.14874,19.46334],[-99.15031,19.46296],[-99.15169,19.46305],[-99.15288,19.4632],[-99.15362,19.4633],[-99.15455,19.46348],[-99.15568,19.4637],[-99.15731,19.46405],[-99.15794,19.46408],[-99.15865,19.46392],[-99.15973,19.46307],[-99.16072,19.46141],[-99.16162,19.46049],[-99.16232,19.45997],[-99.16257,19.45977],[-99.1627,19.45964],[-99.16293,19.45934],[-99.16332,19.45816],[-99.16371,19.45643],[-99.16382,19.45582],[-99.16408,19.45371],[-99.16423,19.45234],[-99.16427,19.45185],[-99.16433,19.44998],[-99.16504,19.4467],[-99.16578,19.44365],[-99.1659,19.44338],[-99.16689,19.44146],[-99.16742,19.44036],[-99.16764,19.43992],[-99.1688,19.43763],[-99.16968,19.43633],[-99.17058,19.43489],[-99.17221,19.4324],[-99.17168,19.43155],[-99.17051,19.4292],[-99.16987,19.428],[-99.17053,19.42768],[-99.17117,19.42737],[-99.1725,19.42674],[-99.17385,19.42612],[-99.17515,19.42549],[-99.17651,19.42483],[-99.17666,19.42518],[-99.17764,19.4236],[-99.17694,19.42347],[-99.17594,19.42333],[-99.17568,19.42334],[-99.1751,19.42316],[-99.17526,19.42275],[-99.17515,19.42255],[-99.17444,19.42159],[-99.17342,19.42208],[-99.17205,19.42272],[-99.16999,19.42369],[-99.16808,19.4246],[-99.16762,19.42371],[-99.16714,19.42278],[-99.16859,19.42245],[-99.17019,19.42206],[-99.1715,19.42177],[-99.17161,19.42174],[-99.17116,19.41984],[-99.17091,19.41892],[-99.17034,19.41628],[-99.17145,19.41593],[-99.1718,19.41562],[-99.17197,19.41537],[-99.17212,19.4149],[-99.17214,19.41464],[-99.17205,19.41412],[-99.17192,19.41377],[-99.17218,19.41342],[-99.17195,19.41345],[-99.17155,19.41331],[-99.17204,19.41218],[-99.17236,19.41144],[-99.17289,19.41025],[-99.17181,19.40623],[-99.17174,19.4058],[-99.17138,19.40422],[-99.17108,19.4035],[-99.17097,19.40275],[-99.17077,19.40184],[-99.17036,19.4002],[-99.17044,19.39979],[-99.17025,19.39983],[-99.1698,19.39811],[-99.16949,19.39673],[-99.16937,19.39645],[-99.16914,19.39606],[-99.16854,19.39537],[-99.1671,19.39366],[-99.16462,19.39084],[-99.1628,19.38875],[-99.16181,19.38763],[-99.1615,19.38704],[-99.16082,19.38451],[-99.16038,19.38309],[-99.15988,19.38132],[-99.15856,19.38104],[-99.15789,19.3809],[-99.15774,19.38087],[-99.15639,19.38066],[-99.15314,19.38014],[-99.15328,19.37931],[-99.15402,19.37544],[-99.15394,19.37541],[-99.15386,19.37518],[-99.15396,19.37505],[-99.15435,19.37356],[-99.15386,19.3735],[-99.15285,19.37338],[-99.15152,19.37323],[-99.1494,19.37299],[-99.14867,19.37282],[-99.14788,19.37266],[-99.14747,19.37253],[-99.14712,19.37233],[-99.14637,19.37206],[-99.14559,19.37182],[-99.14477,19.37156],[-99.14244,19.37075],[-99.14156,19.37013],[-99.14137,19.3714],[-99.14116,19.37289],[-99.14088,19.3748],[-99.1398,19.37457],[-99.13812,19.37422],[-99.13677,19.37394],[-99.13623,19.37385],[-99.13645,19.37287],[-99.13718,19.36962],[-99.13742,19.36862],[-99.13756,19.36801],[-99.13774,19.36721],[-99.13795,19.36609],[-99.13808,19.3655],[-99.13823,19.36491],[-99.13838,19.36429],[-99.13852,19.36363],[-99.13636,19.36335],[-99.13512,19.36319],[-99.13272,19.3629],[-99.13212,19.36285],[-99.13252,19.36083],[-99.1308,19.36067],[-99.13011,19.36061],[-99.13066,19.3597],[-99.13131,19.35862],[-99.13118,19.35866],[-99.13191,19.35752],[-99.13213,19.3573],[-99.13237,19.35712],[-99.13269,19.35692],[-99.13307,19.35674],[-99.13367,19.35655],[-99.13397,19.35653],[-99.13427,19.35654],[-99.1344,19.35655],[-99.13445,19.35594],[-99.13486,19.35443],[-99.13546,19.35232],[-99.13568,19.35131],[-99.13633,19.3488],[-99.13685,19.34689],[-99.13724,19.34528],[-99.13731,19.34454],[-99.13733,19.34387],[-99.13736,19.34311],[-99.13639,19.34269],[-99.1355,19.34231],[-99.13457,19.3419],[-99.13495,19.34082],[-99.13432,19.34074],[-99.13391,19.34063],[-99.13342,19.34047],[-99.13286,19.3403],[-99.13284,19.34016],[-99.1332,19.33892],[-99.13361,19.33818],[-99.13426,19.33761],[-99.13316,19.33742],[-99.13288,19.3373],[-99.13275,19.33698],[-99.13269,19.33667],[-99.13268,19.33632],[-99.13275,19.33548],[-99.1333,19.33514],[-99.13337,19.33511],[-99.13364,19.33501],[-99.13325,19.33423],[-99.13317,19.33268],[-99.13452,19.33295],[-99.13549,19.33315],[-99.13699,19.33342],[-99.1369,19.33139],[-99.13694,19.33016],[-99.13693,19.32773],[-99.13692,19.32728],[-99.13687,19.32666],[-99.13669,19.32605],[-99.13656,19.32583],[-99.1363,19.32549],[-99.13623,19.3254],[-99.13579,19.32483],[-99.13538,19.3243],[-99.13449,19.32313],[-99.13417,19.32321],[-99.13349,19.32293],[-99.1327,19.32259],[-99.13189,19.32224],[-99.13078,19.32176],[-99.12997,19.32142],[-99.12973,19.32131],[-99.12919,19.32107],[-99.12959,19.3203],[-99.1305,19.3186],[-99.1304,19.31855],[-99.13088,19.31777],[-99.13169,19.3165],[-99.13184,19.3162],[-99.1335,19.3167],[-99.13362,19.31633],[-99.13384,19.31571],[-99.13398,19.3153],[-99.13403,19.31319],[-99.13306,19.3129],[-99.134,19.31028],[-99.13443,19.30985],[-99.1348,19.30894],[-99.13472,19.30844],[-99.13472,19.30829],[-99.13558,19.30722],[-99.13712,19.3056],[-99.13864,19.30393],[-99.13702,19.30361],[-99.13601,19.30343],[-99.13495,19.30322],[-99.13494,19.30241],[-99.13476,19.30002],[-99.13475,19.29929],[-99.13456,19.29644],[-99.1338,19.29615],[-99.13334,19.29597],[-99.13149,19.29523],[-99.13206,19.29204],[-99.13512,19.29524],[-99.13573,19.29522],[-99.13626,19.29523],[-99.13686,19.29526],[-99.13829,19.2953],[-99.13882,19.29532],[-99.13897,19.29441],[-99.139,19.29427],[-99.13914,19.29333],[-99.1392,19.2928],[-99.13744,19.29268],[-99.13597,19.29261],[-99.13586,19.29167],[-99.13559,19.29127],[-99.13529,19.28888],[-99.13538,19.28843],[-99.136,19.28713],[-99.13357,19.28693],[-99.13358,19.28683],[-99.13371,19.28634],[-99.13494,19.28538],[-99.13516,19.28543],[-99.13657,19.28595],[-99.13855,19.28223],[-99.1389,19.28224],[-99.13765,19.28122],[-99.13471,19.28053],[-99.13392,19.28022],[-99.13318,19.27961],[-99.13258,19.27905],[-99.13234,19.27866],[-99.13182,19.27736],[-99.13165,19.27694],[-99.13107,19.27549],[-99.13051,19.27408],[-99.12973,19.27219],[-99.12952,19.27165],[-99.12904,19.27053],[-99.12864,19.26991],[-99.12759,19.26896],[-99.12739,19.26885],[-99.12742,19.26856],[-99.1273,19.26817],[-99.12663,19.26661],[-99.1265,19.26632],[-99.12572,19.26615],[-99.12518,19.26608],[-99.12407,19.26605],[-99.12351,19.26584],[-99.12165,19.26517],[-99.12038,19.26466],[-99.11979,19.26447],[-99.11927,19.26442],[-99.11912,19.26444],[-99.11916,19.26432],[-99.11953,19.26332],[-99.1197,19.26299],[-99.12044,19.26126],[-99.12103,19.25984],[-99.11943,19.25926],[-99.12004,19.25771],[-99.1204,19.25752],[-99.12067,19.25687],[-99.11965,19.25612],[-99.11905,19.25568],[-99.117,19.25415],[-99.11623,19.25339],[-99.11617,19.25329],[-99.11605,19.25342],[-99.11432,19.25467],[-99.11403,19.25488],[-99.11351,19.25526],[-99.11318,19.2543],[-99.10618,19.25206],[-99.10589,19.252],[-99.106,19.25145],[-99.10612,19.2503],[-99.10595,19.24994],[-99.10548,19.24898],[-99.10513,19.24859],[-99.10381,19.2473],[-99.10372,19.24721],[-99.10242,19.24601],[-99.10142,19.24731],[-99.09867,19.24847],[-99.09681,19.24842],[-99.09614,19.24821],[-99.09582,19.24801],[-99.09462,19.2472],[-99.09449,19.24699],[-99.09413,19.24643],[-99.09372,19.24606],[-99.09365,19.24604],[-99.09353,19.246],[-99.09342,19.24599],[-99.09179,19.24601],[-99.09173,19.24663],[-99.09166,19.24722],[-99.09157,19.24793],[-99.09214,19.24799],[-99.09254,19.24805],[-99.09283,19.24807],[-99.09192,19.25158],[-99.09162,19.25269],[-99.08878,19.25191],[-99.08809,19.25175],[-99.0871,19.25152],[-99.08649,19.25136],[-99.08569,19.25113],[-99.085,19.25085],[-99.08443,19.25061],[-99.08402,19.25202],[-99.08382,19.25275],[-99.08365,19.25329],[-99.08348,19.25392],[-99.08331,19.25453],[-99.08242,19.25768],[-99.08233,19.25801],[-99.08224,19.25832],[-99.08075,19.25801],[-99.07932,19.25771],[-99.07872,19.2576],[-99.0779,19.25743],[-99.07718,19.25728],[-99.07652,19.25714],[-99.07566,19.25695],[-99.0746,19.26019],[-99.07463,19.26033],[-99.07474,19.26038],[-99.075,19.2606],[-99.07237,19.2598],[-99.07235,19.25979],[-99.07212,19.25977],[-99.07174,19.25977],[-99.07163,19.25979],[-99.07156,19.2598],[-99.07113,19.25965],[-99.07057,19.25965],[-99.06973,19.25969],[-99.06875,19.25974],[-99.0678,19.25976],[-99.06759,19.25969],[-99.06756,19.25968],[-99.0674,19.25961],[-99.06686,19.2594],[-99.06636,19.25931],[-99.0663,19.25929],[-99.06612,19.25924],[-99.06589,19.26022],[-99.06588,19.26024],[-99.06557,19.26018],[-99.06491,19.25991],[-99.06483,19.26016],[-99.06468,19.26063],[-99.06419,19.26224],[-99.06407,19.26267],[-99.06395,19.26315],[-99.06376,19.26364],[-99.06369,19.2638],[-99.0634,19.26362],[-99.06293,19.26354],[-99.0626,19.26342],[-99.06259,19.26341],[-99.06252,19.26333],[-99.06243,19.26323],[-99.06202,19.26304],[-99.06173,19.26291],[-99.0617,19.26285],[-99.06149,19.26276],[-99.06117,19.26275],[-99.06101,19.26318],[-99.0609,19.26341],[-99.06079,19.26364],[-99.06061,19.26364],[-99.06052,19.26379],[-99.0605,19.2638],[-99.06047,19.26382],[-99.06013,19.26374],[-99.06009,19.26373],[-99.05989,19.26369],[-99.05968,19.26369],[-99.05949,19.26364],[-99.05945,19.26362],[-99.05945,19.26359],[-99.05935,19.26359],[-99.05903,19.26366],[-99.05902,19.26366],[-99.05884,19.26366],[-99.05843,19.26353],[-99.05854,19.26333],[-99.05863,19.26314],[-99.05865,19.26308],[-99.05873,19.26284],[-99.05882,19.26245],[-99.05892,19.26203],[-99.05898,19.26174],[-99.05913,19.26107],[-99.05897,19.26097],[-99.05899,19.26087],[-99.05901,19.26066],[-99.05907,19.26043],[-99.05912,19.25967],[-99.0593,19.25902],[-99.05931,19.25898],[-99.05937,19.25865],[-99.0594,19.25851],[-99.05943,19.25833],[-99.05943,19.25832],[-99.05943,19.2583],[-99.05946,19.25816],[-99.05946,19.25807],[-99.05946,19.25802],[-99.05945,19.25801],[-99.05944,19.25799],[-99.05935,19.25794],[-99.05934,19.25792],[-99.05934,19.25791],[-99.05955,19.25676],[-99.05839,19.25665],[-99.05814,19.2566],[-99.05766,19.2565],[-99.05761,19.25649],[-99.05739,19.25645],[-99.05689,19.25641],[-99.05667,19.25648],[-99.0566,19.2565],[-99.05659,19.2565],[-99.05643,19.25649],[-99.05615,19.25653],[-99.05586,19.25659],[-99.05582,19.25659],[-99.05568,19.25653],[-99.05547,19.25649],[-99.05487,19.25617],[-99.05467,19.25617],[-99.05433,19.25616],[-99.05403,19.25619],[-99.05382,19.25621],[-99.05357,19.25639],[-99.05334,19.25639],[-99.05312,19.2563],[-99.05289,19.25621],[-99.05267,19.25614],[-99.05236,19.25605],[-99.05212,19.25591],[-99.05189,19.2558],[-99.05188,19.2558],[-99.05171,19.25579],[-99.05158,19.25585],[-99.05139,19.25595],[-99.05119,19.25607],[-99.05116,19.2561],[-99.05077,19.25642],[-99.05071,19.25647],[-99.05041,19.25741],[-99.05011,19.25789],[-99.04919,19.25747],[-99.04876,19.25739],[-99.04868,19.25776],[-99.04861,19.25809],[-99.04856,19.25882],[-99.04854,19.25884],[-99.04841,19.25897],[-99.04797,19.25921],[-99.04778,19.25931],[-99.04761,19.25934],[-99.04748,19.25936],[-99.04718,19.25948],[-99.04599,19.25963],[-99.04583,19.25966],[-99.04572,19.25969],[-99.04537,19.25983],[-99.04485,19.26005],[-99.04411,19.26028],[-99.04344,19.2605],[-99.04227,19.26106],[-99.04233,19.26012],[-99.0425,19.25883],[-99.04263,19.25781],[-99.04265,19.25766],[-99.04268,19.25745],[-99.04277,19.25671],[-99.04281,19.25635],[-99.04283,19.25617],[-99.04289,19.25532],[-99.04135,19.25575],[-99.04047,19.256],[-99.03968,19.25623],[-99.03894,19.25646],[-99.0373,19.257],[-99.03562,19.25758],[-99.03493,19.25782],[-99.03375,19.25826],[-99.03316,19.25846],[-99.03296,19.25847],[-99.03247,19.25841],[-99.03133,19.25828],[-99.03094,19.25822],[-99.03041,19.25979],[-99.02889,19.25971],[-99.02761,19.2594],[-99.02618,19.25904],[-99.02293,19.25823],[-99.02225,19.25834],[-99.02236,19.25856],[-99.02246,19.25869],[-99.02151,19.26112],[-99.02103,19.26102],[-99.02033,19.26092],[-99.01974,19.26115],[-99.01907,19.2609],[-99.01867,19.26074],[-99.01742,19.26027],[-99.01608,19.25968],[-99.01486,19.25899],[-99.01444,19.25881],[-99.01392,19.25858],[-99.01296,19.25806],[-99.01199,19.25696],[-99.01183,19.25624],[-99.01132,19.25565],[-99.01129,19.25573],[-99.01103,19.2556],[-99.00986,19.25453],[-99.01001,19.25415],[-99.0093,19.25315],[-99.00867,19.25226],[-99.00911,19.25133],[-99.00923,19.25086],[-99.00911,19.25044],[-99.00907,19.2503],[-99.00865,19.25077],[-99.00826,19.25073],[-99.00769,19.25102],[-99.00751,19.25078],[-99.00549,19.24806],[-99.00532,19.24781],[-99.00488,19.24758],[-99.00346,19.24582],[-99.00111,19.24312],[-99.00061,19.24254],[-99.00055,19.24247],[-98.99975,19.24158],[-98.99865,19.24016],[-98.99829,19.23976],[-98.99807,19.23932],[-98.99802,19.23923],[-98.99717,19.238],[-98.99609,19.23687],[-98.99508,19.23613],[-98.99479,19.23595],[-98.99388,19.2351],[-98.99293,19.23594],[-98.99263,19.23556],[-98.99178,19.23442],[-98.99158,19.23419],[-98.99118,19.23388],[-98.99055,19.23349],[-98.99004,19.2333],[-98.98959,19.23314],[-98.98499,19.23131],[-98.98273,19.2305],[-98.98335,19.22936],[-98.98343,19.22939],[-98.9837,19.22948],[-98.98438,19.22969],[-98.98454,19.22975],[-98.98464,19.22978],[-98.98475,19.22954],[-98.98509,19.22878],[-98.98575,19.2295],[-98.9869,19.22654],[-98.98772,19.22754],[-98.99042,19.23076],[-98.99091,19.22886],[-98.99161,19.22611],[-98.99187,19.22484],[-98.99163,19.22482],[-98.99124,19.22479],[-98.99107,19.22559],[-98.99056,19.22578],[-98.98823,19.2237],[-98.98572,19.22143],[-98.98437,19.2203],[-98.98239,19.21864],[-98.97815,19.21507],[-98.9779,19.21508],[-98.97764,19.21586],[-98.97803,19.21613],[-98.97877,19.21664],[-98.97968,19.21757],[-98.98004,19.21792],[-98.98068,19.21855],[-98.97981,19.22038],[-98.98065,19.22083],[-98.98065,19.22085],[-98.98033,19.22146],[-98.98016,19.22137],[-98.97941,19.22098],[-98.97875,19.22224],[-98.97858,19.22255],[-98.97837,19.22232],[-98.97818,19.22211],[-98.9775,19.22133],[-98.9771,19.22204],[-98.97654,19.22302],[-98.97548,19.22248],[-98.97486,19.22216],[-98.97469,19.22256],[-98.97462,19.22275],[-98.97404,19.22254],[-98.97388,19.22249],[-98.97331,19.22243],[-98.97291,19.22235],[-98.9727,19.2223],[-98.97312,19.22178],[-98.97336,19.22167],[-98.9734,19.22163],[-98.97354,19.22122],[-98.97335,19.2212],[-98.97301,19.22116],[-98.97296,19.2213],[-98.9729,19.22147],[-98.97207,19.22125],[-98.9715,19.22256],[-98.97118,19.22236],[-98.97106,19.22228],[-98.97099,19.22232],[-98.97083,19.2224],[-98.97047,19.22278],[-98.97018,19.22294],[-98.96994,19.2241],[-98.96979,19.22445],[-98.96951,19.22478],[-98.96949,19.22479],[-98.96934,19.22487],[-98.96933,19.22488],[-98.96927,19.22545],[-98.96925,19.2256],[-98.96925,19.22564],[-98.9693,19.22571],[-98.96935,19.22576],[-98.96953,19.2259],[-98.96977,19.22608],[-98.97008,19.22633],[-98.97072,19.22691],[-98.97126,19.2275],[-98.97102,19.22822],[-98.97073,19.2291],[-98.97056,19.22953],[-98.97051,19.22951],[-98.96957,19.23254],[-98.96859,19.23222],[-98.96797,19.23644],[-98.96599,19.24994],[-98.97653,19.25313],[-98.97492,19.25949],[-98.97336,19.2677],[-98.97143,19.27837],[-98.97028,19.2858],[-98.97608,19.28662],[-98.98018,19.28717],[-98.98417,19.28766],[-98.98507,19.28305],[-98.9861,19.28317],[-98.98679,19.28326],[-98.987,19.28329],[-98.98927,19.28359],[-98.98982,19.28367],[-98.99063,19.28378],[-98.99062,19.2838],[-98.99043,19.28553],[-98.99008,19.28749],[-98.98996,19.28853],[-98.98928,19.29268],[-98.9889,19.2954],[-98.99147,19.29361],[-98.9918,19.29345],[-98.9925,19.29332],[-98.99561,19.29381],[-98.99531,19.29555],[-98.99611,19.29564],[-98.99601,19.29646],[-98.99559,19.2965],[-98.99495,19.29653],[-98.99489,19.29748],[-98.99465,19.29826],[-98.99524,19.29791],[-98.99559,19.29777],[-98.9962,19.29762],[-98.99741,19.2975],[-98.99742,19.29732],[-98.99827,19.29745],[-98.99836,19.29719],[-98.99973,19.29733],[-98.99978,19.2968],[-99.00046,19.29698],[-99.00141,19.29699],[-99.00312,19.29657],[-99.00422,19.29644],[-99.00446,19.29645],[-99.00669,19.29685],[-99.00672,19.29685],[-99.00652,19.29742],[-99.0064,19.29775],[-99.00737,19.298],[-99.00744,19.29768],[-99.00872,19.29761],[-99.00956,19.29805],[-99.0099,19.29825],[-99.01043,19.29843],[-99.01073,19.29789],[-99.0121,19.29836],[-99.01293,19.29878],[-99.01262,19.29959],[-99.01255,19.29973],[-99.01231,19.29975],[-99.01222,19.29995],[-99.01209,19.30023],[-99.01263,19.30076],[-99.01322,19.30101],[-99.01396,19.30077],[-99.01506,19.3012],[-99.01591,19.30162],[-99.01624,19.30173],[-99.01666,19.30176],[-99.01685,19.30207],[-99.01684,19.30237],[-99.01672,19.30246],[-99.01653,19.30334],[-99.01677,19.30414],[-99.01705,19.30432],[-99.01762,19.3044],[-99.01813,19.30405],[-99.01884,19.3036],[-99.01937,19.3048],[-99.02128,19.30522],[-99.0226,19.30575],[-99.02338,19.30503],[-99.02408,19.30518],[-99.02429,19.30516],[-99.02461,19.3045],[-99.02487,19.30395],[-99.02538,19.3029],[-99.02572,19.30341],[-99.02655,19.30421],[-99.02752,19.30519],[-99.0287,19.30624],[-99.0291,19.30656],[-99.03058,19.30772],[-99.03161,19.30851],[-99.03178,19.30861],[-99.03294,19.30944],[-99.03416,19.30988],[-99.03439,19.30946],[-99.03517,19.30789],[-99.03538,19.30737],[-99.03551,19.30702],[-99.03575,19.30644],[-99.03588,19.30618],[-99.03598,19.30597],[-99.0361,19.30572],[-99.03631,19.30528],[-99.03743,19.30562],[-99.03813,19.30584],[-99.03846,19.30592],[-99.03925,19.3062],[-99.0395,19.30634],[-99.04009,19.30683],[-99.04047,19.30696],[-99.04182,19.30535],[-99.04309,19.30624],[-99.04339,19.30649],[-99.04367,19.30617],[-99.04691,19.30212],[-99.04845,19.30329],[-99.04999,19.30443],[-99.05161,19.30242],[-99.05228,19.30155],[-99.05352,19.30211],[-99.0538,19.30224],[-99.05414,19.30239],[-99.05604,19.30307],[-99.05793,19.30374],[-99.05987,19.30444],[-99.06049,19.30469],[-99.06266,19.30544],[-99.0634,19.30568],[-99.06372,19.30478],[-99.06403,19.30388],[-99.06449,19.30255],[-99.06505,19.30262],[-99.06552,19.30269],[-99.06642,19.30282],[-99.06747,19.30297],[-99.06747,19.30349],[-99.06748,19.30395],[-99.06751,19.30533],[-99.06752,19.3073],[-99.068,19.30777],[-99.0682,19.30703],[-99.06861,19.30556],[-99.0688,19.30488],[-99.06993,19.30501],[-99.07022,19.3041],[-99.07232,19.30421],[-99.07148,19.30619],[-99.07249,19.30641],[-99.07336,19.30659],[-99.07376,19.30668],[-99.07475,19.30689],[-99.07585,19.30713],[-99.07618,19.30668],[-99.07669,19.30696],[-99.07713,19.3072],[-99.07633,19.30823],[-99.0769,19.30865],[-99.07816,19.30957],[-99.07911,19.31026],[-99.07927,19.31038],[-99.07963,19.31064],[-99.08,19.3109],[-99.08071,19.31142],[-99.08105,19.31167],[-99.07973,19.31308],[-99.07918,19.31357],[-99.07894,19.3138],[-99.0783,19.31437],[-99.07777,19.31491],[-99.07705,19.31576],[-99.07681,19.31657],[-99.07656,19.31689],[-99.07693,19.31696],[-99.07908,19.31732],[-99.08142,19.31771],[-99.083,19.31798],[-99.08267,19.31994],[-99.0841,19.32018],[-99.0873,19.32073],[-99.08848,19.32094],[-99.09077,19.32133],[-99.092,19.32154],[-99.09282,19.32169],[-99.09331,19.31911],[-99.09341,19.31863],[-99.09438,19.3188],[-99.09536,19.31897],[-99.09602,19.31909],[-99.09568,19.32091],[-99.09614,19.32102],[-99.09592,19.32222],[-99.09733,19.32243],[-99.09801,19.32261],[-99.09869,19.32096],[-99.0988,19.32045],[-99.09908,19.32044],[-99.0993,19.3211],[-99.10084,19.32284],[-99.10105,19.32299],[-99.10315,19.32255],[-99.10244,19.32204],[-99.10296,19.31999],[-99.10248,19.3196],[-99.10287,19.31913],[-99.10344,19.31955],[-99.10389,19.3198],[-99.1044,19.3199],[-99.10587,19.32021],[-99.10545,19.32212],[-99.10785,19.32168],[-99.10885,19.3215],[-99.10926,19.32143],[-99.10911,19.3232],[-99.10982,19.32327],[-99.1103,19.32331],[-99.11068,19.32334],[-99.11114,19.32337],[-99.11169,19.32342],[-99.11303,19.32351],[-99.1139,19.32356],[-99.11408,19.32363],[-99.11507,19.3237],[-99.11533,19.32393],[-99.1157,19.32396],[-99.11617,19.324],[-99.11623,19.32477],[-99.11635,19.32503],[-99.1166,19.32543],[-99.11685,19.32584],[-99.11669,19.32763],[-99.11662,19.32869],[-99.11722,19.32874],[-99.12071,19.32901],[-99.12192,19.3291],[-99.12253,19.32915],[-99.12231,19.33035],[-99.12291,19.33058],[-99.12279,19.33128],[-99.12214,19.33116],[-99.12191,19.33237],[-99.12316,19.33213],[-99.12384,19.33204],[-99.12361,19.33305],[-99.12331,19.33441],[-99.12274,19.33758],[-99.12214,19.33974],[-99.12182,19.34092],[-99.12176,19.34113],[-99.12112,19.34341],[-99.12056,19.3457],[-99.11956,19.34961],[-99.12015,19.35043],[-99.11758,19.35031],[-99.1173,19.35354],[-99.1169,19.3572],[-99.11612,19.35707],[-99.11525,19.35694],[-99.11425,19.35685],[-99.11331,19.35677],[-99.11326,19.35677],[-99.11238,19.3567],[-99.11195,19.35667],[-99.11143,19.35663],[-99.11017,19.35648],[-99.10961,19.35643],[-99.10809,19.3563],[-99.10761,19.35626],[-99.10715,19.35622],[-99.10678,19.35619],[-99.10566,19.3597],[-99.10541,19.36053],[-99.10535,19.3607],[-99.10521,19.36124],[-99.10545,19.36141],[-99.10564,19.36157],[-99.10488,19.3633],[-99.10464,19.36383],[-99.10444,19.36417],[-99.10279,19.36371],[-99.10288,19.36344],[-99.10323,19.36252],[-99.10344,19.36199],[-99.10385,19.36094],[-99.10319,19.36055],[-99.10267,19.36034],[-99.10155,19.35998],[-99.10102,19.3605],[-99.10023,19.3603],[-99.09979,19.36121],[-99.09913,19.36269],[-99.09842,19.36419],[-99.0981,19.36401],[-99.09761,19.36419],[-99.09723,19.36519],[-99.09699,19.36582],[-99.0958,19.36542],[-99.0959,19.36507],[-99.09563,19.36495],[-99.09455,19.36474],[-99.09448,19.3653],[-99.09441,19.36557],[-99.09426,19.36611],[-99.09408,19.36693],[-99.09192,19.36686],[-99.09223,19.36615],[-99.09312,19.36382],[-99.09337,19.36315],[-99.09353,19.36276],[-99.09286,19.36256],[-99.09281,19.36271],[-99.09221,19.36257],[-99.09189,19.36325],[-99.09163,19.3638],[-99.0912,19.36366],[-99.09118,19.36336],[-99.0908,19.36273],[-99.09027,19.3632],[-99.08952,19.36297],[-99.08811,19.36309],[-99.08744,19.36297],[-99.08614,19.36204],[-99.08606,19.36198],[-99.08597,19.36187],[-99.08553,19.36136],[-99.08539,19.3612],[-99.0851,19.36099],[-99.08464,19.36027],[-99.08452,19.36047],[-99.08434,19.36075],[-99.08329,19.36019],[-99.08177,19.35963],[-99.08108,19.3594],[-99.08043,19.35917],[-99.07874,19.35861],[-99.07819,19.35842],[-99.07761,19.36037],[-99.07722,19.36169],[-99.07521,19.36103],[-99.07525,19.3609],[-99.07617,19.35775],[-99.07448,19.3572],[-99.07453,19.35703],[-99.07427,19.35691],[-99.07334,19.3565],[-99.07272,19.35631],[-99.0726,19.35686],[-99.07205,19.35841],[-99.0713,19.36083],[-99.07098,19.3616],[-99.0708,19.36236],[-99.06994,19.3622],[-99.06749,19.36177],[-99.06733,19.36175],[-99.06699,19.36354],[-99.06423,19.36021],[-99.06391,19.36033],[-99.06176,19.36006],[-99.06088,19.36002],[-99.06044,19.36001],[-99.06077,19.35871],[-99.06143,19.35609],[-99.06207,19.35344],[-99.06167,19.35347],[-99.06063,19.35337],[-99.05973,19.35322],[-99.05938,19.3547],[-99.05875,19.35457],[-99.05861,19.35513],[-99.05801,19.35774],[-99.05756,19.35764],[-99.05712,19.35755],[-99.05626,19.35738],[-99.05495,19.35711],[-99.0543,19.35699],[-99.05374,19.35688],[-99.05367,19.35686],[-99.05321,19.35683],[-99.05189,19.35679],[-99.05096,19.35676],[-99.05006,19.35673],[-99.04918,19.35672],[-99.04924,19.3544],[-99.04913,19.35359],[-99.04914,19.35291],[-99.04586,19.35239],[-99.04378,19.35204],[-99.04293,19.3519],[-99.04243,19.3518],[-99.04213,19.35169],[-99.04177,19.35149],[-99.0415,19.35127],[-99.0406,19.3528],[-99.04051,19.35539],[-99.04046,19.35722],[-99.03894,19.35697],[-99.03569,19.35641],[-99.03458,19.35623],[-99.0291,19.35534],[-99.02878,19.35711],[-99.02817,19.36068],[-99.02776,19.36106],[-99.02779,19.36171],[-99.02787,19.36192],[-99.02731,19.36172],[-99.02699,19.36165],[-99.0267,19.36152],[-99.02613,19.36198],[-99.02547,19.36163],[-99.02465,19.36119],[-99.02358,19.36063],[-99.02072,19.35917],[-99.02044,19.35947],[-99.01946,19.3606],[-99.0175,19.36271],[-99.01703,19.36322],[-99.01651,19.36378],[-99.016,19.36369],[-99.01522,19.36353],[-99.0147,19.36342],[-99.0142,19.36332],[-99.01329,19.36313],[-99.01154,19.36277],[-99.01158,19.36252],[-99.00929,19.36203],[-99.00651,19.36151],[-99.00628,19.36307],[-99.00603,19.36385],[-99.00611,19.36455],[-99.00695,19.3652],[-99.00655,19.36619],[-99.00515,19.36523],[-99.00449,19.36543],[-99.00328,19.36534],[-99.00331,19.36475],[-99.00262,19.36473],[-99.0023,19.36472],[-99.0016,19.3647],[-99.00047,19.36465],[-98.99964,19.36391],[-98.99927,19.36389],[-98.99887,19.36387],[-98.99822,19.36384],[-98.99767,19.36382],[-98.997,19.36379],[-98.9963,19.36376],[-98.99479,19.36369],[-98.99356,19.363],[-98.99287,19.36262],[-98.99277,19.363],[-98.99247,19.36426],[-98.99195,19.36638],[-98.99188,19.36664],[-98.99194,19.3676],[-98.99325,19.36837],[-98.99395,19.36879],[-98.9946,19.36917],[-98.9956,19.36976],[-98.99616,19.37009],[-98.99717,19.37068],[-99.00016,19.37244],[-99.00295,19.37405],[-99.00569,19.37566],[-99.00774,19.37688],[-99.01016,19.37833],[-99.01177,19.37917],[-99.01331,19.37998],[-99.01512,19.38094],[-99.01579,19.38129],[-99.01642,19.38161],[-99.01795,19.38241],[-99.01872,19.38281],[-99.01915,19.38303],[-99.01957,19.38326],[-99.02035,19.38364],[-99.02111,19.38398],[-99.02193,19.38435],[-99.02271,19.38471],[-99.02489,19.38568],[-99.0263,19.38632],[-99.02767,19.38694],[-99.02907,19.38757],[-99.02995,19.38797],[-99.03142,19.38863],[-99.03288,19.3893],[-99.03459,19.39009],[-99.03713,19.39126],[-99.03851,19.39189],[-99.04015,19.39265],[-99.04325,19.39407],[-99.04568,19.39516],[-99.04815,19.39628],[-99.05393,19.39892],[-99.05496,19.39939],[-99.0563,19.39994],[-99.05813,19.40072],[-99.0577,19.40486],[-99.05753,19.40658],[-99.05721,19.40966],[-99.05716,19.41012],[-99.05691,19.41243],[-99.05685,19.41302],[-99.05676,19.41378],[-99.05673,19.41413],[-99.05666,19.4148],[-99.05647,19.41673],[-99.05631,19.41821],[-99.05602,19.42054],[-99.05579,19.42214],[-99.0552,19.42427],[-99.05473,19.42527],[-99.0544,19.42597],[-99.0526,19.42996],[-99.05233,19.43056],[-99.05056,19.43472],[-99.04821,19.43964],[-99.04646,19.44236],[-99.04714,19.44313],[-99.04739,19.44383],[-99.04793,19.44482],[-99.0489,19.44659],[-99.05087,19.45018],[-99.0509,19.45025],[-99.05184,19.45233],[-99.05215,19.45307],[-99.05249,19.45386],[-99.05284,19.45467],[-99.05321,19.45551],[-99.05339,19.45591],[-99.05412,19.45757],[-99.05467,19.45884],[-99.05595,19.46184],[-99.05718,19.46466],[-99.05774,19.46584],[-99.05791,19.46621],[-99.05912,19.46889],[-99.06183,19.47517],[-99.06248,19.47664],[-99.06336,19.47861],[-99.063,19.47982],[-99.06361,19.47997],[-99.06328,19.48127],[-99.06375,19.48137],[-99.06451,19.48154],[-99.06456,19.48155],[-99.06485,19.48184],[-99.06578,19.48404],[-99.06607,19.48473],[-99.06671,19.48625],[-99.06704,19.48701],[-99.06749,19.48807],[-99.06799,19.48908],[-99.06725,19.49089],[-99.06695,19.49163],[-99.0667,19.49222],[-99.06593,19.49409],[-99.06523,19.49569],[-99.06386,19.49878],[-99.06521,19.49929],[-99.06598,19.49958],[-99.06734,19.5001],[-99.06881,19.50066],[-99.07013,19.50116],[-99.07282,19.5022],[-99.07322,19.50235],[-99.07351,19.50246],[-99.07428,19.50276],[-99.07477,19.50295],[-99.07644,19.50359],[-99.07747,19.50401],[-99.0779,19.5042],[-99.07922,19.50476],[-99.07963,19.50494],[-99.08056,19.50535],[-99.0854,19.50748],[-99.0861,19.50563],[-99.08686,19.50384],[-99.08773,19.50192],[-99.08816,19.50183],[-99.08897,19.49991],[-99.0892,19.49937],[-99.08962,19.49837],[-99.08993,19.49763],[-99.08963,19.49753],[-99.09054,19.4954],[-99.09131,19.49357],[-99.09168,19.49274],[-99.09215,19.4916],[-99.09268,19.49034],[-99.09345,19.48851],[-99.09371,19.48787],[-99.09441,19.48702],[-99.09517,19.48728],[-99.09665,19.48784],[-99.09767,19.48823],[-99.09914,19.48877],[-99.10007,19.48911],[-99.10105,19.48681],[-99.09865,19.48591],[-99.09914,19.48549],[-99.10053,19.48515],[-99.10028,19.48418],[-99.10003,19.48322],[-99.09991,19.48274]]],[[[-98.97058,19.31964],[-98.97104,19.31887],[-98.97157,19.31768],[-98.97194,19.3173],[-98.97236,19.3172],[-98.97248,19.31715],[-98.9725,19.31687],[-98.97245,19.31667],[-98.97211,19.31632],[-98.97197,19.31612],[-98.97186,19.31593],[-98.97202,19.31555],[-98.97229,19.31513],[-98.97248,19.31447],[-98.97262,19.31431],[-98.97291,19.3143],[-98.97304,19.31421],[-98.97311,19.31441],[-98.97324,19.31491],[-98.97326,19.31496],[-98.97369,19.3146],[-98.97348,19.31411],[-98.97349,19.31341],[-98.97369,19.31292],[-98.9737,19.31285],[-98.97371,19.31277],[-98.97328,19.31191],[-98.97316,19.31137],[-98.97302,19.31122],[-98.973,19.31114],[-98.97396,19.31032],[-98.97403,19.31019],[-98.97438,19.31019],[-98.97509,19.3102],[-98.97521,19.30966],[-98.9759,19.3097],[-98.97595,19.30951],[-98.97598,19.30938],[-98.9758,19.30934],[-98.97566,19.30931],[-98.97567,19.30868],[-98.97574,19.30863],[-98.97611,19.30835],[-98.97633,19.30851],[-98.97672,19.30834],[-98.97712,19.30817],[-98.97717,19.30793],[-98.97733,19.30783],[-98.9775,19.30788],[-98.97752,19.30788],[-98.97753,19.30785],[-98.97758,19.30728],[-98.97796,19.30683],[-98.97802,19.30676],[-98.9793,19.30736],[-98.97933,19.30732],[-98.97976,19.30662],[-98.97814,19.30561],[-98.97747,19.30634],[-98.97738,19.30644],[-98.97729,19.30654],[-98.97669,19.30613],[-98.97526,19.30514],[-98.97405,19.306],[-98.97397,19.30605],[-98.97354,19.30635],[-98.97339,19.30642],[-98.97324,19.30649],[-98.97287,19.30658],[-98.97268,19.30661],[-98.97241,19.30662],[-98.97181,19.30654],[-98.97003,19.3063],[-98.97002,19.3063],[-98.96885,19.30613],[-98.96808,19.30603],[-98.96722,19.30597],[-98.96628,19.30596],[-98.96539,19.30634],[-98.96478,19.30688],[-98.96439,19.30793],[-98.96405,19.31005],[-98.96344,19.31431],[-98.9636,19.31461],[-98.96405,19.31631],[-98.96442,19.3178],[-98.96457,19.31847],[-98.96525,19.31815],[-98.96644,19.31842],[-98.96699,19.31788],[-98.96793,19.3183],[-98.96813,19.31833],[-98.96864,19.3185],[-98.96865,19.31854],[-98.96867,19.31871],[-98.97051,19.31955],[-98.97058,19.31964]]]]},"properties":{"zona":"lago"}},
{"type":"Feature","geometry":{"type":"MultiPolygon","coordinates":[[[[-99.21003,19.47208],[-99.20837,19.47163],[-99.20682,19.47122],[-99.20717,19.46957],[-99.20871,19.47003],[-99.20991,19.46938],[-99.21072,19.46848],[-99.21143,19.468],[-99.21154,19.46799],[-99.21173,19.46714],[-99.21215,19.46711],[-99.21354,19.46292],[-99.21296,19.46262],[-99.21263,19.46245],[-99.21173,19.46167],[-99.21123,19.46124],[-99.21014,19.46067],[-99.20861,19.46023],[-99.20671,19.4597],[-99.20392,19.45891],[-99.2029,19.45861],[-99.20153,19.45819],[-99.20083,19.45816],[-99.20096,19.45733],[-99.20102,19.45694],[-99.2014,19.45421],[-99.20167,19.45367],[-99.20189,19.45317],[-99.19983,19.45255],[-99.20093,19.4518],[-99.19948,19.45142],[-99.19963,19.45079],[-99.19974,19.45036],[-99.2004,19.44779],[-99.20049,19.44729],[-99.2,19.44693],[-99.1996,19.44661],[-99.19896,19.44618],[-99.19789,19.44571],[-99.19751,19.44545],[-99.19833,19.44548],[-99.19842,19.44398],[-99.19604,19.4432],[-99.19524,19.44311],[-99.19415,19.44297],[-99.19417,19.4421],[-99.19352,19.44214],[-99.19354,19.44159],[-99.19359,19.44074],[-99.1938,19.43812],[-99.19375,19.43799],[-99.19044,19.43785],[-99.19116,19.4315],[-99.18645,19.43143],[-99.18487,19.43139],[-99.18415,19.43137],[-99.18274,19.43134],[-99.18264,19.42996],[-99.18267,19.42965],[-99.1821,19.42929],[-99.1818,19.42896],[-99.18159,19.42859],[-99.18141,19.42834],[-99.18124,19.42818],[-99.18097,19.42805],[-99.18079,19.42803],[-99.18051,19.42808],[-99.1799,19.42836],[-99.17821,19.4241],[-99.17764,19.4236],[-99.17666,19.42518],[-99.17651,19.42483],[-99.17515,19.42549],[-99.17385,19.42612],[-99.1725,19.42674],[-99.17117,19.42737],[-99.17053,19.42768],[-99.16987,19.428],[-99.17051,19.4292],[-99.17168,19.43155],[-99.17221,19.4324],[-99.17058,19.43489],[-99.16968,19.43633],[-99.1688,19.43763],[-99.16764,19.43992],[-99.16742,19.44036],[-99.16689,19.44146],[-99.1659,19.44338],[-99.16578,19.44365],[-99.16504,19.4467],[-99.16433,19.44998],[-99.16427,19.45185],[-99.16423,19.45234],[-99.16408,19.45371],[-99.16382,19.45582],[-99.16371,19.45643],[-99.16332,19.45816],[-99.16293,19.45934],[-99.1627,19.45964],[-99.16257,19.45977],[-99.16232,19.45997],[-99.16162,19.46049],[-99.16072,19.46141],[-99.15973,19.46307],[-99.15865,19.46392],[-99.15794,19.46408],[-99.15731,19.46405],[-99.15568,19.4637],[-99.15455,19.46348],[-99.15362,19.4633],[-99.15288,19.4632],[-99.15169,19.46305],[-99.15031,19.46296],[-99.14874,19.46334],[-99.14833,19.46344],[-99.14804,19.46351],[-99.14774,19.4636],[-99.14683,19.46386],[-99.14631,19.46401],[-99.14524,19.46432],[-99.14312,19.46506],[-99.14305,19.46544],[-99.1431,19.46576],[-99.14368,19.46729],[-99.14415,19.46858],[-99.14448,19.46946],[-99.14485,19.47042],[-99.14505,19.47096],[-99.14347,19.47092],[-99.14342,19.47155],[-99.14335,19.47262],[-99.14077,19.47201],[-99.14018,19.47188],[-99.13939,19.47169],[-99.1384,19.47146],[-99.13749,19.47127],[-99.13878,19.47429],[-99.13924,19.47545],[-99.13974,19.47673],[-99.14014,19.47774],[-99.14071,19.47919],[-99.14125,19.48055],[-99.1422,19.48296],[-99.14321,19.48553],[-99.14374,19.48688],[-99.14268,19.48642],[-99.14192,19.48965],[-99.14036,19.48933],[-99.13988,19.49122],[-99.1403,19.49133],[-99.1401,19.49217],[-99.1393,19.49199],[-99.13885,19.49193],[-99.13817,19.49556],[-99.13709,19.4953],[-99.13394,19.49455],[-99.13283,19.49428],[-99.13304,19.49319],[-99.13331,19.49178],[-99.13154,19.494],[-99.12966,19.49625],[-99.13014,19.49673],[-99.13059,19.49721],[-99.12811,19.50028],[-99.12739,19.49973],[-99.12702,19.49944],[-99.12656,19.5],[-99.126,19.50068],[-99.12541,19.49996],[-99.12482,19.49916],[-99.12456,19.49879],[-99.1243,19.4984],[-99.12408,19.49804],[-99.12357,19.49723],[-99.12236,19.4953],[-99.12125,19.4935],[-99.12037,19.49224],[-99.11975,19.49118],[-99.11798,19.48968],[-99.11732,19.48896],[-99.11684,19.48885],[-99.11417,19.48793],[-99.11309,19.48903],[-99.11274,19.4891],[-99.11303,19.48973],[-99.11463,19.48926],[-99.11424,19.48893],[-99.11464,19.48845],[-99.11531,19.48864],[-99.11546,19.48889],[-99.11618,19.48904],[-99.11545,19.48907],[-99.11557,19.48956],[-99.11562,19.48971],[-99.11576,19.48985],[-99.11587,19.49003],[-99.11586,19.49023],[-99.11619,19.49051],[-99.11605,19.4914],[-99.11434,19.49249],[-99.11284,19.49267],[-99.11171,19.49322],[-99.11224,19.49345],[-99.11172,19.49391],[-99.11369,19.49434],[-99.11345,19.49562],[-99.11537,19.49697],[-99.11596,19.49738],[-99.1157,19.49769],[-99.11517,19.49834],[-99.11464,19.49897],[-99.11431,19.49939],[-99.11377,19.50003],[-99.11514,19.50104],[-99.11589,19.50153],[-99.11613,19.5007],[-99.11627,19.50044],[-99.11781,19.50122],[-99.11772,19.50132],[-99.1176,19.50145],[-99.11748,19.50157],[-99.11738,19.50166],[-99.11733,19.5017],[-99.12091,19.50227],[-99.12131,19.50246],[-99.12173,19.50266],[-99.12236,19.50335],[-99.12097,19.50353],[-99.1208,19.50429],[-99.11978,19.50468],[-99.11953,19.50458],[-99.11927,19.50456],[-99.11924,19.50559],[-99.11934,19.50603],[-99.11935,19.50662],[-99.11951,19.50715],[-99.11971,19.50761],[-99.11975,19.50767],[-99.11985,19.50783],[-99.11993,19.50802],[-99.12041,19.50842],[-99.12055,19.50861],[-99.12053,19.50876],[-99.1204,19.50879],[-99.12037,19.509],[-99.12047,19.50919],[-99.12061,19.50931],[-99.12109,19.50957],[-99.12196,19.51039],[-99.12197,19.51048],[-99.12215,19.5109],[-99.12285,19.51125],[-99.12408,19.5116],[-99.12416,19.5115],[-99.12442,19.51114],[-99.12414,19.51286],[-99.12418,19.51317],[-99.12358,19.51402],[-99.12265,19.51509],[-99.1223,19.51542],[-99.12098,19.51627],[-99.12101,19.51629],[-99.12425,19.51948],[-99.12436,19.5196],[-99.12595,19.51923],[-99.1267,19.51905],[-99.12598,19.51864],[-99.12523,19.51815],[-99.12642,19.51666],[-99.12665,19.51683],[-99.12718,19.51723],[-99.12803,19.5164],[-99.12867,19.5156],[-99.12991,19.51424],[-99.1299,19.5137],[-99.13051,19.51295],[-99.13086,19.51284],[-99.13126,19.51305],[-99.13128,19.51356],[-99.13201,19.51351],[-99.13236,19.51752],[-99.13248,19.51827],[-99.13451,19.51827],[-99.13453,19.51765],[-99.13621,19.51767],[-99.13854,19.51767],[-99.14174,19.5178],[-99.14304,19.51782],[-99.1429,19.51863],[-99.14288,19.51898],[-99.14352,19.51922],[-99.1459,19.52046],[-99.14716,19.521],[-99.14804,19.52139],[-99.14836,19.52151],[-99.14876,19.5217],[-99.15109,19.52276],[-99.15183,19.52309],[-99.1527,19.52349],[-99.15306,19.52365],[-99.15379,19.52398],[-99.15465,19.52446],[-99.15536,19.52503],[-99.15613,19.52561],[-99.1564,19.52578],[-99.15649,19.52584],[-99.15858,19.5272],[-99.15883,19.52725],[-99.15916,19.5269],[-99.16116,19.52745],[-99.16166,19.52759],[-99.16212,19.52772],[-99.16767,19.52925],[-99.16998,19.53004],[-99.17237,19.53087],[-99.17495,19.53188],[-99.17601,19.53204],[-99.17626,19.53105],[-99.17628,19.53064],[-99.17705,19.52933],[-99.17615,19.52887],[-99.17536,19.53009],[-99.17437,19.52938],[-99.17259,19.52808],[-99.17137,19.52719],[-99.17421,19.52451],[-99.17463,19.52407],[-99.17439,19.52374],[-99.17418,19.52347],[-99.17324,19.52318],[-99.17089,19.52242],[-99.16996,19.52206],[-99.16865,19.52129],[-99.16731,19.5205],[-99.16641,19.51997],[-99.16473,19.51899],[-99.16298,19.51796],[-99.16289,19.51774],[-99.16126,19.51348],[-99.16107,19.51299],[-99.15961,19.50918],[-99.15836,19.50592],[-99.15718,19.50285],[-99.16394,19.50501],[-99.16731,19.50619],[-99.16911,19.50698],[-99.17041,19.50764],[-99.17304,19.50859],[-99.17357,19.50826],[-99.17404,19.50795],[-99.17536,19.50749],[-99.17662,19.5065],[-99.17737,19.50628],[-99.17673,19.50466],[-99.1775,19.50631],[-99.18192,19.50749],[-99.18245,19.50756],[-99.1827,19.50771],[-99.18522,19.50854],[-99.18843,19.50995],[-99.1915,19.51058],[-99.1919,19.51127],[-99.19401,19.51191],[-99.19662,19.5127],[-99.19906,19.51344],[-99.20189,19.51429],[-99.20294,19.51461],[-99.20319,19.51371],[-99.2039,19.51242],[-99.2044,19.5118],[-99.20461,19.5117],[-99.20525,19.51168],[-99.20533,19.50969],[-99.20535,19.50877],[-99.20521,19.50815],[-99.20485,19.50664],[-99.20482,19.50649],[-99.20467,19.50586],[-99.20451,19.50549],[-99.20573,19.50454],[-99.2063,19.50409],[-99.20652,19.50437],[-99.20723,19.50387],[-99.20659,19.50306],[-99.20646,19.50235],[-99.20698,19.50086],[-99.20607,19.50056],[-99.20634,19.49863],[-99.20668,19.49593],[-99.20684,19.49432],[-99.20803,19.49462],[-99.20825,19.49386],[-99.20867,19.49188],[-99.20883,19.49122],[-99.20844,19.49112],[-99.2075,19.49086],[-99.20818,19.48728],[-99.20714,19.48698],[-99.20453,19.48631],[-99.20255,19.4858],[-99.20335,19.48374],[-99.20865,19.48518],[-99.20996,19.48559],[-99.21031,19.48447],[-99.21045,19.48423],[-99.21161,19.48445],[-99.21234,19.48468],[-99.21253,19.48396],[-99.21309,19.48404],[-99.21332,19.4834],[-99.21299,19.48332],[-99.20955,19.48242],[-99.20952,19.48252],[-99.20944,19.48285],[-99.20847,19.48259],[-99.20758,19.48234],[-99.20617,19.48195],[-99.20653,19.48081],[-99.20602,19.48067],[-99.205,19.48037],[-99.20491,19.48072],[-99.20419,19.48051],[-99.2046,19.47907],[-99.20333,19.47872],[-99.20314,19.47867],[-99.20333,19.47812],[-99.20384,19.47674],[-99.20404,19.4768],[-99.20513,19.47709],[-99.20634,19.4774],[-99.20644,19.47742],[-99.2075,19.4777],[-99.20795,19.47781],[-99.20823,19.47788],[-99.20858,19.4768],[-99.20886,19.47604],[-99.21003,19.47208]]],[[[-98.99352,19.36029],[-98.99339,19.36069],[-98.99302,19.36205],[-98.99287,19.36262],[-98.99356,19.363],[-98.99479,19.36369],[-98.9963,19.36376],[-98.997,19.36379],[-98.99767,19.36382],[-98.99822,19.36384],[-98.99887,19.36387],[-98.99927,19.36389],[-98.99964,19.36391],[-99.00047,19.36465],[-99.0016,19.3647],[-99.0023,19.36472],[-99.00262,19.36473],[-99.00331,19.36475],[-99.00328,19.36534],[-99.00449,19.36543],[-99.00515,19.36523],[-99.00655,19.36619],[-99.00695,19.3652],[-99.00611,19.36455],[-99.00603,19.36385],[-99.00628,19.36307],[-99.00651,19.36151],[-99.00929,19.36203],[-99.01158,19.36252],[-99.01154,19.36277],[-99.01329,19.36313],[-99.0142,19.36332],[-99.0147,19.36342],[-99.01522,19.36353],[-99.016,19.36369],[-99.01651,19.36378],[-99.01703,19.36322],[-99.0175,19.36271],[-99.01946,19.3606],[-99.02044,19.35947],[-99.02072,19.35917],[-99.02358,19.36063],[-99.02465,19.36119],[-99.02547,19.36163],[-99.02613,19.36198],[-99.0267,19.36152],[-99.02699,19.36165],[-99.02731,19.36172],[-99.02787,19.36192],[-99.02779,19.36171],[-99.02776,19.36106],[-99.02817,19.36068],[-99.02878,19.35711],[-99.0291,19.35534],[-99.03458,19.35623],[-99.03569,19.35641],[-99.03894,19.35697],[-99.04046,19.35722],[-99.04051,19.35539],[-99.0406,19.3528],[-99.0415,19.35127],[-99.04177,19.35149],[-99.04213,19.35169],[-99.04243,19.3518],[-99.04293,19.3519],[-99.04378,19.35204],[-99.04586,19.35239],[-99.04914,19.35291],[-99.04913,19.35359],[-99.04924,19.3544],[-99.04918,19.35672],[-99.05006,19.35673],[-99.05096,19.35676],[-99.05189,19.35679],[-99.05321,19.35683],[-99.05367,19.35686],[-99.05374,19.35688],[-99.0543,19.35699],[-99.05495,19.35711],[-99.05626,19.35738],[-99.05712,19.35755],[-99.05756,19.35764],[-99.05801,19.35774],[-99.05861,19.35513],[-99.05875,19.35457],[-99.05938,19.3547],[-99.05973,19.35322],[-99.06063,19.35337],[-99.06167,19.35347],[-99.06207,19.35344],[-99.06143,19.35609],[-99.06077,19.35871],[-99.06044,19.36001],[-99.06088,19.36002],[-99.06176,19.36006],[-99.06391,19.36033],[-99.06423,19.36021],[-99.06699,19.36354],[-99.06733,19.36175],[-99.06749,19.36177],[-99.06994,19.3622],[-99.0708,19.36236],[-99.07098,19.3616],[-99.0713,19.36083],[-99.07205,19.35841],[-99.0726,19.35686],[-99.07272,19.35631],[-99.07334,19.3565],[-99.07427,19.35691],[-99.07453,19.35703],[-99.07448,19.3572],[-99.07617,19.35775],[-99.07525,19.3609],[-99.07521,19.36103],[-99.07722,19.36169],[-99.07761,19.36037],[-99.07819,19.35842],[-99.07874,19.35861],[-99.08043,19.35917],[-99.08108,19.3594],[-99.08177,19.35963],[-99.08329,19.36019],[-99.08434,19.36075],[-99.08452,19.36047],[-99.08464,19.36027],[-99.0851,19.36099],[-99.08539,19.3612],[-99.08553,19.36136],[-99.08597,19.36187],[-99.08606,19.36198],[-99.08614,19.36204],[-99.08744,19.36297],[-99.08811,19.36309],[-99.08952,19.36297],[-99.09027,19.3632],[-99.0908,19.36273],[-99.09118,19.36336],[-99.0912,19.36366],[-99.09163,19.3638],[-99.09189,19.36325],[-99.09221,19.36257],[-99.09281,19.36271],[-99.09286,19.36256],[-99.09353,19.36276],[-99.09337,19.36315],[-99.09312,19.36382],[-99.09223,19.36615],[-99.09192,19.36686],[-99.09408,19.36693],[-99.09426,19.36611],[-99.09441,19.36557],[-99.09448,19.3653],[-99.09455,19.36474],[-99.09563,19.36495],[-99.0959,19.36507],[-99.0958,19.36542],[-99.09699,19.36582],[-99.09723,19.36519],[-99.09761,19.36419],[-99.0981,19.36401],[-99.09842,19.36419],[-99.09913,19.36269],[-99.09979,19.36121],[-99.10023,19.3603],[-99.10102,19.3605],[-99.10155,19.35998],[-99.10267,19.36034],[-99.10319,19.36055],[-99.10385,19.36094],[-99.10344,19.36199],[-99.10323,19.36252],[-99.10288,19.36344],[-99.10279,19.36371],[-99.10444,19.36417],[-99.10464,19.36383],[-99.10488,19.3633],[-99.10564,19.36157],[-99.10545,19.36141],[-99.10521,19.36124],[-99.10535,19.3607],[-99.10541,19.36053],[-99.10566,19.3597],[-99.10678,19.35619],[-99.10569,19.3561],[-99.10336,19.35589],[-99.10291,19.35586],[-99.10264,19.35586],[-99.10231,19.35589],[-99.10178,19.35597],[-99.09827,19.35646],[-99.09492,19.35739],[-99.09432,19.35755],[-99.09398,19.35764],[-99.09355,19.35777],[-99.09211,19.35814],[-99.09037,19.35858],[-99.08908,19.35843],[-99.08849,19.35801],[-99.08769,19.35741],[-99.08742,19.35722],[-99.08657,19.35664],[-99.08606,19.35628],[-99.08539,19.35587],[-99.08567,19.35577],[-99.08509,19.35507],[-99.08386,19.35438],[-99.08272,19.35378],[-99.08315,19.35314],[-99.08357,19.35252],[-99.08389,19.35185],[-99.08398,19.35163],[-99.08407,19.35142],[-99.08421,19.35104],[-99.08438,19.35059],[-99.08448,19.35016],[-99.08458,19.34951],[-99.08375,19.34852],[-99.0835,19.34828],[-99.08264,19.34753],[-99.08246,19.3466],[-99.08192,19.3465],[-99.08154,19.34644],[-99.08108,19.34636],[-99.07998,19.34623],[-99.08013,19.34528],[-99.07937,19.34514],[-99.07808,19.34491],[-99.07827,19.34384],[-99.07803,19.34379],[-99.07615,19.34342],[-99.07594,19.34279],[-99.07541,19.34119],[-99.07477,19.33926],[-99.07463,19.33884],[-99.07922,19.34003],[-99.0813,19.34058],[-99.08274,19.34099],[-99.0831,19.33882],[-99.08237,19.33871],[-99.08192,19.33863],[-99.08143,19.33856],[-99.0803,19.33838],[-99.0806,19.33648],[-99.08094,19.33469],[-99.08171,19.33483],[-99.08422,19.33527],[-99.08537,19.33546],[-99.08562,19.3355],[-99.08658,19.33568],[-99.08661,19.33545],[-99.08687,19.3353],[-99.08715,19.33385],[-99.0855,19.33356],[-99.08582,19.33175],[-99.08677,19.33192],[-99.087,19.33196],[-99.08736,19.3301],[-99.08833,19.33027],[-99.0885,19.32925],[-99.08897,19.32919],[-99.08989,19.32867],[-99.09131,19.32888],[-99.09154,19.3289],[-99.09199,19.32894],[-99.09225,19.32901],[-99.0939,19.32938],[-99.09383,19.32983],[-99.09471,19.33008],[-99.09626,19.33053],[-99.09637,19.3301],[-99.09738,19.3306],[-99.09807,19.33087],[-99.09853,19.33104],[-99.09939,19.33139],[-99.09968,19.33059],[-99.10055,19.33087],[-99.10163,19.33122],[-99.1015,19.33147],[-99.10365,19.33182],[-99.10426,19.33126],[-99.10521,19.33041],[-99.10543,19.33021],[-99.10591,19.32976],[-99.10613,19.32956],[-99.10684,19.32892],[-99.10759,19.32829],[-99.10793,19.32873],[-99.10801,19.32885],[-99.10894,19.3303],[-99.10914,19.33061],[-99.10963,19.33131],[-99.10982,19.33173],[-99.11,19.33234],[-99.11017,19.3327],[-99.11043,19.33296],[-99.1102,19.33364],[-99.11019,19.33368],[-99.10978,19.33502],[-99.10923,19.33492],[-99.10894,19.33486],[-99.10892,19.33669],[-99.1089,19.33808],[-99.10885,19.33962],[-99.11008,19.33985],[-99.10961,19.34154],[-99.10936,19.3443],[-99.1097,19.34482],[-99.11106,19.34466],[-99.11197,19.3446],[-99.11326,19.34489],[-99.11296,19.34571],[-99.11282,19.34614],[-99.11268,19.34762],[-99.11212,19.34788],[-99.11211,19.34799],[-99.11193,19.34989],[-99.11141,19.34984],[-99.11084,19.34979],[-99.10779,19.3495],[-99.10763,19.35103],[-99.1073,19.3544],[-99.10723,19.35524],[-99.10715,19.35622],[-99.10761,19.35626],[-99.10809,19.3563],[-99.10961,19.35643],[-99.11017,19.35648],[-99.11143,19.35663],[-99.11195,19.35667],[-99.11238,19.3567],[-99.11326,19.35677],[-99.11331,19.35677],[-99.11425,19.35685],[-99.11525,19.35694],[-99.11612,19.35707],[-99.1169,19.3572],[-99.1173,19.35354],[-99.11758,19.35031],[-99.12015,19.35043],[-99.11956,19.34961],[-99.12056,19.3457],[-99.12112,19.34341],[-99.12176,19.34113],[-99.12182,19.34092],[-99.12214,19.33974],[-99.12274,19.33758],[-99.12331,19.33441],[-99.12361,19.33305],[-99.12384,19.33204],[-99.12316,19.33213],[-99.12191,19.33237],[-99.12214,19.33116],[-99.12279,19.33128],[-99.12291,19.33058],[-99.12231,19.33035],[-99.12253,19.32915],[-99.12192,19.3291],[-99.12071,19.32901],[-99.11722,19.32874],[-99.11662,19.32869],[-99.11669,19.32763],[-99.11685,19.32584],[-99.1166,19.32543],[-99.11635,19.32503],[-99.11623,19.32477],[-99.11617,19.324],[-99.1157,19.32396],[-99.11533,19.32393],[-99.11507,19.3237],[-99.11408,19.32363],[-99.1139,19.32356],[-99.11303,19.32351],[-99.11169,19.32342],[-99.11114,19.32337],[-99.11068,19.32334],[-99.1103,19.32331],[-99.10982,19.32327],[-99.10911,19.3232],[-99.10926,19.32143],[-99.10885,19.3215],[-99.10785,19.32168],[-99.10545,19.32212],[-99.10587,19.32021],[-99.1044,19.3199],[-99.10389,19.3198],[-99.10344,19.31955],[-99.10287,19.31913],[-99.10248,19.3196],[-99.10296,19.31999],[-99.10244,19.32204],[-99.10315,19.32255],[-99.10105,19.32299],[-99.10084,19.32284],[-99.0993,19.3211],[-99.09908,19.32044],[-99.0988,19.32045],[-99.09869,19.32096],[-99.09801,19.32261],[-99.09733,19.32243],[-99.09592,19.32222],[-99.09614,19.32102],[-99.09568,19.32091],[-99.09602,19.31909],[-99.09536,19.31897],[-99.09438,19.3188],[-99.09341,19.31863],[-99.09331,19.31911],[-99.09282,19.32169],[-99.092,19.32154],[-99.09077,19.32133],[-99.08848,19.32094],[-99.0873,19.32073],[-99.0841,19.32018],[-99.08267,19.31994],[-99.083,19.31798],[-99.08142,19.31771],[-99.07908,19.31732],[-99.07693,19.31696],[-99.07656,19.31689],[-99.07681,19.31657],[-99.07705,19.31576],[-99.07777,19.31491],[-99.0783,19.31437],[-99.07894,19.3138],[-99.07918,19.31357],[-99.07973,19.31308],[-99.08105,19.31167],[-99.08071,19.31142],[-99.08,19.3109],[-99.07963,19.31064],[-99.07927,19.31038],[-99.07911,19.31026],[-99.07816,19.30957],[-99.0769,19.30865],[-99.07633,19.30823],[-99.07713,19.3072],[-99.07669,19.30696],[-99.07618,19.30668],[-99.07585,19.30713],[-99.07475,19.30689],[-99.07376,19.30668],[-99.07336,19.30659],[-99.07249,19.30641],[-99.07148,19.30619],[-99.07232,19.30421],[-99.07022,19.3041],[-99.06993,19.30501],[-99.0688,19.30488],[-99.06861,19.30556],[-99.0682,19.30703],[-99.068,19.30777],[-99.06752,19.3073],[-99.06751,19.30533],[-99.06748,19.30395],[-99.06747,19.30349],[-99.06747,19.30297],[-99.06642,19.30282],[-99.06552,19.30269],[-99.06505,19.30262],[-99.06449,19.30255],[-99.06403,19.30388],[-99.06372,19.30478],[-99.0634,19.30568],[-99.06353,19.30563],[-99.06502,19.3061],[-99.06592,19.30641],[-99.06674,19.30673],[-99.06682,19.30809],[-99.06685,19.30973],[-99.06638,19.31123],[-99.066,19.31361],[-99.06577,19.31479],[-99.06565,19.31537],[-99.06461,19.3151],[-99.06418,19.31547],[-99.06384,19.31577],[-99.06076,19.31503],[-99.06084,19.31538],[-99.06289,19.3158],[-99.06332,19.3159],[-99.06461,19.31677],[-99.06514,19.31705],[-99.06496,19.31759],[-99.06481,19.31806],[-99.06456,19.31877],[-99.06539,19.31902],[-99.06454,19.32108],[-99.06499,19.32127],[-99.06444,19.32245],[-99.06372,19.32406],[-99.06357,19.324],[-99.06315,19.32459],[-99.0616,19.32348],[-99.06005,19.32236],[-99.05939,19.32316],[-99.05905,19.32357],[-99.0586,19.32413],[-99.05831,19.32448],[-99.05773,19.3252],[-99.05745,19.32554],[-99.05675,19.3264],[-99.05667,19.32651],[-99.0551,19.32538],[-99.05366,19.32421],[-99.05377,19.32407],[-99.05219,19.32298],[-99.05193,19.32331],[-99.05167,19.32363],[-99.05137,19.32401],[-99.05093,19.32455],[-99.0514,19.32584],[-99.05123,19.32569],[-99.05064,19.3263],[-99.04971,19.32729],[-99.04929,19.32714],[-99.04822,19.32675],[-99.04783,19.32662],[-99.04771,19.32705],[-99.04749,19.32787],[-99.04738,19.32826],[-99.04718,19.32901],[-99.04703,19.32944],[-99.04665,19.33089],[-99.04479,19.33041],[-99.0449,19.33002],[-99.0446,19.32962],[-99.04441,19.33025],[-99.0437,19.33008],[-99.04337,19.3296],[-99.04293,19.33145],[-99.04282,19.33228],[-99.04278,19.33269],[-99.04281,19.33314],[-99.04286,19.33556],[-99.04284,19.33628],[-99.04284,19.3368],[-99.04283,19.33724],[-99.04279,19.33723],[-99.04138,19.3367],[-99.03997,19.33619],[-99.03924,19.33593],[-99.03884,19.33581],[-99.03667,19.33535],[-99.03661,19.33555],[-99.03642,19.33608],[-99.03629,19.33643],[-99.03598,19.33731],[-99.03585,19.33769],[-99.03559,19.33867],[-99.03559,19.33869],[-99.03521,19.33988],[-99.03516,19.34009],[-99.03409,19.3438],[-99.03409,19.34391],[-99.03381,19.34393],[-99.03357,19.34395],[-99.03278,19.34402],[-99.03169,19.34412],[-99.03049,19.34424],[-99.02992,19.34429],[-99.02953,19.34433],[-99.02821,19.34445],[-99.02805,19.34529],[-99.02769,19.34731],[-99.02749,19.34841],[-99.02722,19.34988],[-99.02684,19.34983],[-99.02674,19.3503],[-99.02575,19.35029],[-99.02588,19.3497],[-99.02538,19.34963],[-99.02518,19.35083],[-99.02357,19.35073],[-99.02274,19.35068],[-99.02203,19.35068],[-99.02139,19.35087],[-99.02049,19.35087],[-99.01957,19.35076],[-99.01883,19.35052],[-99.01785,19.35011],[-99.01721,19.35103],[-99.01658,19.35163],[-99.01578,19.35211],[-99.01508,19.35243],[-99.01489,19.35251],[-99.01347,19.3531],[-99.01258,19.35348],[-99.01109,19.35411],[-99.00969,19.35468],[-99.00832,19.35521],[-99.00718,19.35567],[-99.00561,19.35632],[-99.00521,19.35648],[-99.00253,19.35753],[-98.9992,19.35883],[-98.99853,19.35911],[-98.99836,19.35917],[-98.99776,19.35938],[-98.9973,19.35941],[-98.99694,19.35939],[-98.99674,19.35935],[-98.99676,19.3598],[-98.99679,19.3606],[-98.99624,19.36056],[-98.99565,19.36049],[-98.99493,19.36042],[-98.99352,19.36029]]],[[[-99.08443,19.25061],[-99.08328,19.25027],[-99.08242,19.24963],[-99.08183,19.24921],[-99.08059,19.24831],[-99.07998,19.24795],[-99.07889,19.24736],[-99.0788,19.24727],[-99.07833,19.2469],[-99.07802,19.24665],[-99.07759,19.24646],[-99.07711,19.24652],[-99.07625,19.24662],[-99.07591,19.24665],[-99.07578,19.24666],[-99.07564,19.24648],[-99.07517,19.24664],[-99.07446,19.24695],[-99.0736,19.24741],[-99.07242,19.24818],[-99.07204,19.24858],[-99.07123,19.24974],[-99.07043,19.25074],[-99.06991,19.25154],[-99.06906,19.25303],[-99.06819,19.25374],[-99.06729,19.25424],[-99.06619,19.25482],[-99.06588,19.25501],[-99.06655,19.255],[-99.06636,19.25511],[-99.06559,19.25539],[-99.06489,19.25556],[-99.06425,19.25567],[-99.06338,19.2558],[-99.06187,19.25583],[-99.06143,19.25581],[-99.06105,19.25578],[-99.06087,19.25576],[-99.06025,19.25568],[-99.06001,19.25565],[-99.05968,19.25561],[-99.0594,19.25558],[-99.05898,19.25553],[-99.05897,19.25552],[-99.05838,19.25545],[-99.05776,19.25536],[-99.05728,19.2553],[-99.05594,19.25516],[-99.05481,19.25504],[-99.05459,19.25501],[-99.05416,19.25494],[-99.05362,19.25488],[-99.05219,19.25469],[-99.052,19.25467],[-99.05195,19.25466],[-99.05167,19.25463],[-99.05018,19.25454],[-99.04984,19.25454],[-99.04827,19.25466],[-99.04709,19.25488],[-99.04402,19.25582],[-99.04283,19.25617],[-99.04281,19.25635],[-99.04277,19.25671],[-99.04268,19.25745],[-99.04265,19.25766],[-99.04263,19.25781],[-99.0425,19.25883],[-99.04233,19.26012],[-99.04227,19.26106],[-99.04344,19.2605],[-99.04411,19.26028],[-99.04485,19.26005],[-99.04537,19.25983],[-99.04572,19.25969],[-99.04583,19.25966],[-99.04599,19.25963],[-99.04718,19.25948],[-99.04748,19.25936],[-99.04761,19.25934],[-99.04778,19.25931],[-99.04797,19.25921],[-99.04841,19.25897],[-99.04854,19.25884],[-99.04856,19.25882],[-99.04861,19.25809],[-99.04868,19.25776],[-99.04876,19.25739],[-99.04919,19.25747],[-99.05011,19.25789],[-99.05041,19.25741],[-99.05071,19.25647],[-99.05077,19.25642],[-99.05116,19.2561],[-99.05119,19.25607],[-99.05139,19.25595],[-99.05158,19.25585],[-99.05171,19.25579],[-99.05188,19.2558],[-99.05189,19.2558],[-99.05212,19.25591],[-99.05236,19.25605],[-99.05267,19.25614],[-99.05289,19.25621],[-99.05312,19.2563],[-99.05334,19.25639],[-99.05357,19.25639],[-99.05382,19.25621],[-99.05403,19.25619],[-99.05433,19.25616],[-99.05467,19.25617],[-99.05487,19.25617],[-99.05547,19.25649],[-99.05568,19.25653],[-99.05582,19.25659],[-99.05586,19.25659],[-99.05615,19.25653],[-99.05643,19.25649],[-99.05659,19.2565],[-99.0566,19.2565],[-99.05667,19.25648],[-99.05689,19.25641],[-99.05739,19.25645],[-99.05761,19.25649],[-99.05766,19.2565],[-99.05814,19.2566],[-99.05839,19.25665],[-99.05955,19.25676],[-99.05934,19.25791],[-99.05934,19.25792],[-99.05935,19.25794],[-99.05944,19.25799],[-99.05945,19.25801],[-99.05946,19.25802],[-99.05946,19.25807],[-99.05946,19.25816],[-99.05943,19.2583],[-99.05943,19.25832],[-99.05943,19.25833],[-99.0594,19.25851],[-99.05937,19.25865],[-99.05931,19.25898],[-99.0593,19.25902],[-99.05912,19.25967],[-99.05907,19.26043],[-99.05901,19.26066],[-99.05899,19.26087],[-99.05897,19.26097],[-99.05913,19.26107],[-99.05898,19.26174],[-99.05892,19.26203],[-99.05882,19.26245],[-99.05873,19.26284],[-99.05865,19.26308],[-99.05863,19.26314],[-99.05854,19.26333],[-99.05843,19.26353],[-99.05884,19.26366],[-99.05902,19.26366],[-99.05903,19.26366],[-99.05935,19.26359],[-99.05945,19.26359],[-99.05945,19.26362],[-99.05949,19.26364],[-99.05968,19.26369],[-99.05989,19.26369],[-99.06009,19.26373],[-99.06013,19.26374],[-99.06047,19.26382],[-99.0605,19.2638],[-99.06052,19.26379],[-99.06061,19.26364],[-99.06079,19.26364],[-99.0609,19.26341],[-99.06101,19.26318],[-99.06117,19.26275],[-99.06149,19.26276],[-99.0617,19.26285],[-99.06173,19.26291],[-99.06202,19.26304],[-99.06243,19.26323],[-99.06252,19.26333],[-99.06259,19.26341],[-99.0626,19.26342],[-99.06293,19.26354],[-99.0634,19.26362],[-99.06369,19.2638],[-99.06376,19.26364],[-99.06395,19.26315],[-99.06407,19.26267],[-99.06419,19.26224],[-99.06468,19.26063],[-99.06483,19.26016],[-99.06491,19.25991],[-99.06557,19.26018],[-99.06588,19.26024],[-99.06589,19.26022],[-99.06612,19.25924],[-99.0663,19.25929],[-99.06636,19.25931],[-99.06686,19.2594],[-99.0674,19.25961],[-99.06756,19.25968],[-99.06759,19.25969],[-99.0678,19.25976],[-99.06875,19.25974],[-99.06973,19.25969],[-99.07057,19.25965],[-99.07113,19.25965],[-99.07156,19.2598],[-99.07163,19.25979],[-99.07174,19.25977],[-99.07212,19.25977],[-99.07235,19.25979],[-99.07237,19.2598],[-99.075,19.2606],[-99.07474,19.26038],[-99.07463,19.26033],[-99.0746,19.26019],[-99.07566,19.25695],[-99.07652,19.25714],[-99.07718,19.25728],[-99.0779,19.25743],[-99.07872,19.2576],[-99.07932,19.25771],[-99.08075,19.25801],[-99.08224,19.25832],[-99.08233,19.25801],[-99.08242,19.25768],[-99.08331,19.25453],[-99.08348,19.25392],[-99.08365,19.25329],[-99.08382,19.25275],[-99.08402,19.25202],[-99.08443,19.25061]]],[[[-99.0854,19.50748],[-99.08648,19.50792],[-99.08737,19.50829],[-99.0883,19.50867],[-99.08934,19.5091],[-99.08996,19.50932],[-99.09051,19.50953],[-99.0929,19.51061],[-99.09502,19.51156],[-99.0974,19.51263],[-99.09862,19.51233],[-99.0992,19.51219],[-99.10097,19.51177],[-99.10232,19.5115],[-99.10241,19.51149],[-99.103,19.51081],[-99.10399,19.50978],[-99.10363,19.50879],[-99.10351,19.50752],[-99.10508,19.50742],[-99.10551,19.5074],[-99.10559,19.50742],[-99.10618,19.50793],[-99.10711,19.50715],[-99.10807,19.50632],[-99.10859,19.50591],[-99.10882,19.50574],[-99.10823,19.50547],[-99.10802,19.5053],[-99.10783,19.50512],[-99.10769,19.50498],[-99.10708,19.50464],[-99.10653,19.5045],[-99.10613,19.50423],[-99.1056,19.50484],[-99.10465,19.50495],[-99.10309,19.50503],[-99.10263,19.50499],[-99.10219,19.50474],[-99.10175,19.50443],[-99.10148,19.50391],[-99.10152,19.50379],[-99.10164,19.50345],[-99.10171,19.50319],[-99.1015,19.50259],[-99.10075,19.50221],[-99.10057,19.50213],[-99.1001,19.50194],[-99.10006,19.50124],[-99.09926,19.50074],[-99.09985,19.49994],[-99.09908,19.49949],[-99.09788,19.49875],[-99.09749,19.49854],[-99.0981,19.49759],[-99.09868,19.4967],[-99.09895,19.4963],[-99.10003,19.49462],[-99.10033,19.49365],[-99.10034,19.49359],[-99.10032,19.49269],[-99.10026,19.49229],[-99.10021,19.49169],[-99.10019,19.49068],[-99.10058,19.48989],[-99.10038,19.48985],[-99.10049,19.48969],[-99.1009,19.48947],[-99.1025,19.48741],[-99.10462,19.48469],[-99.10622,19.48244],[-99.10672,19.48267],[-99.10691,19.48273],[-99.11132,19.48364],[-99.11187,19.48231],[-99.11226,19.48142],[-99.11437,19.48251],[-99.11481,19.4813],[-99.11512,19.48048],[-99.11576,19.47886],[-99.11608,19.47803],[-99.11441,19.47746],[-99.11481,19.47647],[-99.11441,19.47633],[-99.11363,19.47606],[-99.1136,19.47605],[-99.1124,19.47562],[-99.1117,19.47537],[-99.11148,19.47529],[-99.11082,19.47521],[-99.10921,19.47439],[-99.10873,19.47414],[-99.10813,19.47381],[-99.10766,19.47544],[-99.10732,19.47662],[-99.10394,19.47492],[-99.10325,19.47663],[-99.10478,19.47741],[-99.10342,19.48122],[-99.10357,19.48127],[-99.10333,19.4819],[-99.10114,19.48244],[-99.09991,19.48274],[-99.10003,19.48322],[-99.10028,19.48418],[-99.10053,19.48515],[-99.09914,19.48549],[-99.09865,19.48591],[-99.10105,19.48681],[-99.10007,19.48911],[-99.09914,19.48877],[-99.09767,19.48823],[-99.09665,19.48784],[-99.09517,19.48728],[-99.09441,19.48702],[-99.09371,19.48787],[-99.09345,19.48851],[-99.09268,19.49034],[-99.09215,19.4916],[-99.09168,19.49274],[-99.09131,19.49357],[-99.09054,19.4954],[-99.08963,19.49753],[-99.08993,19.49763],[-99.08962,19.49837],[-99.0892,19.49937],[-99.08897,19.49991],[-99.08816,19.50183],[-99.08773,19.50192],[-99.08686,19.50384],[-99.0861,19.50563],[-99.0854,19.50748]]],[[[-99.17526,19.42275],[-99.17529,19.42269],[-99.17543,19.42273],[-99.17566,19.4226],[-99.17635,19.42119],[-99.17633,19.42112],[-99.17638,19.42097],[-99.17642,19.42084],[-99.17644,19.42069],[-99.17655,19.42045],[-99.17674,19.42023],[-99.17699,19.42013],[-99.17749,19.41947],[-99.17777,19.41929],[-99.17833,19.41811],[-99.17953,19.41593],[-99.17975,19.41555],[-99.1805,19.41414],[-99.18114,19.41308],[-99.18162,19.41236],[-99.18215,19.41149],[-99.1835,19.40941],[-99.18355,19.40932],[-99.1843,19.40783],[-99.18433,19.40749],[-99.18426,19.40626],[-99.18299,19.40583],[-99.18318,19.40384],[-99.18323,19.40326],[-99.18332,19.40326],[-99.18337,19.40223],[-99.18338,19.40152],[-99.18482,19.40137],[-99.18494,19.40003],[-99.18496,19.39983],[-99.18502,19.39899],[-99.18506,19.39851],[-99.18517,19.39763],[-99.18531,19.39593],[-99.18521,19.39596],[-99.1841,19.39616],[-99.1821,19.39696],[-99.18096,19.3971],[-99.18015,19.39727],[-99.17951,19.3974],[-99.1789,19.39737],[-99.17946,19.39701],[-99.17994,19.39643],[-99.18057,19.39488],[-99.18105,19.39342],[-99.18123,19.39244],[-99.18289,19.3924],[-99.18293,19.39202],[-99.18383,19.39201],[-99.18379,19.39239],[-99.1857,19.39234],[-99.18583,19.39111],[-99.18599,19.38966],[-99.18611,19.38853],[-99.18613,19.38835],[-99.1864,19.38572],[-99.18647,19.38511],[-99.18593,19.38512],[-99.18518,19.38513],[-99.18394,19.38516],[-99.18303,19.38517],[-99.18472,19.38085],[-99.18574,19.37833],[-99.18627,19.37702],[-99.18682,19.3753],[-99.18705,19.37446],[-99.18707,19.3743],[-99.18718,19.37259],[-99.18759,19.37227],[-99.18527,19.37084],[-99.1836,19.36976],[-99.18258,19.36911],[-99.18249,19.36905],[-99.18199,19.36866],[-99.18087,19.36784],[-99.18134,19.36637],[-99.18154,19.36577],[-99.182,19.36433],[-99.18268,19.36235],[-99.18302,19.36135],[-99.18425,19.35745],[-99.18628,19.35102],[-99.18652,19.35043],[-99.18608,19.35056],[-99.18499,19.35089],[-99.18372,19.3511],[-99.17993,19.35165],[-99.17868,19.35187],[-99.17749,19.35201],[-99.1776,19.35182],[-99.17766,19.35174],[-99.17832,19.35112],[-99.17845,19.35101],[-99.17925,19.35034],[-99.17978,19.34983],[-99.18006,19.34943],[-99.18013,19.34927],[-99.18055,19.34724],[-99.18067,19.34723],[-99.18072,19.34721],[-99.18076,19.34717],[-99.1808,19.34712],[-99.18082,19.34706],[-99.18072,19.34681],[-99.18067,19.34679],[-99.18098,19.34523],[-99.18134,19.3435],[-99.18165,19.34198],[-99.18089,19.34222],[-99.18003,19.34249],[-99.17993,19.34245],[-99.17977,19.34206],[-99.17973,19.34172],[-99.17964,19.34166],[-99.17964,19.34165],[-99.17959,19.34146],[-99.17945,19.34113],[-99.17949,19.34096],[-99.17956,19.34086],[-99.17979,19.34041],[-99.17939,19.34018],[-99.17889,19.33976],[-99.17838,19.33931],[-99.17811,19.33903],[-99.17804,19.33895],[-99.17782,19.33848],[-99.17768,19.33823],[-99.17756,19.33804],[-99.17744,19.33792],[-99.1774,19.33781],[-99.17719,19.33755],[-99.17693,19.33743],[-99.17656,19.33722],[-99.1759,19.33675],[-99.17584,19.33687],[-99.1758,19.33694],[-99.17661,19.33764],[-99.17649,19.3379],[-99.17432,19.34023],[-99.17458,19.34068],[-99.17459,19.34096],[-99.17435,19.34183],[-99.17323,19.34171],[-99.17315,19.34171],[-99.1717,19.34154],[-99.17078,19.34144],[-99.16998,19.34135],[-99.16943,19.34132],[-99.16869,19.34173],[-99.16823,19.34231],[-99.16801,19.34214],[-99.16729,19.34191],[-99.16688,19.34179],[-99.16651,19.34148],[-99.16647,19.3413],[-99.16648,19.34112],[-99.16649,19.34095],[-99.16513,19.34078],[-99.16475,19.34045],[-99.16465,19.34023],[-99.16395,19.33997],[-99.16324,19.33983],[-99.16253,19.33963],[-99.1625,19.33932],[-99.16287,19.33833],[-99.16292,19.33821],[-99.1626,19.33816],[-99.16141,19.33791],[-99.16097,19.33898],[-99.16,19.33946],[-99.15964,19.33918],[-99.16,19.33856],[-99.15905,19.33819],[-99.1586,19.33813],[-99.15844,19.33839],[-99.15831,19.33847],[-99.15802,19.33812],[-99.15783,19.33753],[-99.15759,19.33758],[-99.15735,19.33779],[-99.15667,19.33798],[-99.1567,19.33827],[-99.15658,19.33869],[-99.15633,19.3397],[-99.15589,19.34071],[-99.15571,19.34062],[-99.15519,19.33992],[-99.15475,19.3392],[-99.1541,19.33862],[-99.1545,19.3376],[-99.15483,19.33656],[-99.15516,19.33646],[-99.15514,19.33607],[-99.15487,19.33566],[-99.1546,19.33538],[-99.15448,19.3353],[-99.15409,19.33517],[-99.15403,19.33448],[-99.15337,19.33434],[-99.15334,19.33357],[-99.1532,19.33322],[-99.15312,19.3331],[-99.15292,19.33298],[-99.15254,19.33286],[-99.15218,19.33284],[-99.15151,19.33277],[-99.15154,19.33252],[-99.15136,19.3324],[-99.15103,19.33271],[-99.1504,19.3326],[-99.15032,19.33249],[-99.14969,19.33235],[-99.14965,19.33238],[-99.14921,19.33304],[-99.14901,19.33296],[-99.14857,19.3331],[-99.14805,19.33326],[-99.14748,19.33348],[-99.14743,19.3336],[-99.14707,19.33437],[-99.14684,19.33413],[-99.14621,19.3337],[-99.14606,19.33339],[-99.14594,19.33319],[-99.1462,19.3329],[-99.14626,19.33279],[-99.14651,19.33207],[-99.14658,19.33178],[-99.14696,19.33177],[-99.14754,19.33148],[-99.14773,19.33155],[-99.14784,19.33106],[-99.14789,19.33073],[-99.14808,19.33077],[-99.14866,19.33074],[-99.14918,19.33039],[-99.15013,19.32981],[-99.1501,19.32947],[-99.15053,19.32877],[-99.1506,19.32868],[-99.15009,19.32839],[-99.14906,19.32779],[-99.14843,19.32671],[-99.14795,19.32658],[-99.14675,19.32646],[-99.14632,19.32642],[-99.1464,19.32586],[-99.14613,19.32522],[-99.14601,19.32503],[-99.14543,19.32488],[-99.14576,19.3238],[-99.1454,19.32369],[-99.14565,19.32235],[-99.14526,19.32221],[-99.14525,19.32206],[-99.14546,19.32123],[-99.14506,19.32115],[-99.14471,19.321],[-99.14555,19.3204],[-99.14611,19.31938],[-99.14579,19.31896],[-99.14618,19.31774],[-99.14598,19.31772],[-99.14685,19.3152],[-99.14737,19.31377],[-99.1484,19.31084],[-99.14728,19.31048],[-99.1471,19.31096],[-99.1453,19.31042],[-99.14386,19.31064],[-99.14379,19.31062],[-99.14372,19.3105],[-99.14375,19.31033],[-99.14373,19.30923],[-99.14237,19.30856],[-99.14192,19.30845],[-99.14206,19.30754],[-99.14275,19.30566],[-99.1433,19.30433],[-99.14393,19.30244],[-99.14459,19.30047],[-99.14462,19.30038],[-99.14451,19.30034],[-99.14339,19.29991],[-99.14262,19.29961],[-99.14166,19.29921],[-99.14111,19.299],[-99.14,19.29857],[-99.13893,19.2982],[-99.13847,19.29802],[-99.1383,19.29796],[-99.13718,19.29749],[-99.13547,19.29681],[-99.13456,19.29644],[-99.13475,19.29929],[-99.13476,19.30002],[-99.13494,19.30241],[-99.13495,19.30322],[-99.13601,19.30343],[-99.13702,19.30361],[-99.13864,19.30393],[-99.13712,19.3056],[-99.13558,19.30722],[-99.13472,19.30829],[-99.13472,19.30844],[-99.1348,19.30894],[-99.13443,19.30985],[-99.134,19.31028],[-99.13306,19.3129],[-99.13403,19.31319],[-99.13398,19.3153],[-99.13384,19.31571],[-99.13362,19.31633],[-99.1335,19.3167],[-99.13184,19.3162],[-99.13169,19.3165],[-99.13088,19.31777],[-99.1304,19.31855],[-99.1305,19.3186],[-99.12959,19.3203],[-99.12919,19.32107],[-99.12973,19.32131],[-99.12997,19.32142],[-99.13078,19.32176],[-99.13189,19.32224],[-99.1327,19.32259],[-99.13349,19.32293],[-99.13417,19.32321],[-99.13449,19.32313],[-99.13538,19.3243],[-99.13579,19.32483],[-99.13623,19.3254],[-99.1363,19.32549],[-99.13656,19.32583],[-99.13669,19.32605],[-99.13687,19.32666],[-99.13692,19.32728],[-99.13693,19.32773],[-99.13694,19.33016],[-99.1369,19.33139],[-99.13699,19.33342],[-99.13549,19.33315],[-99.13452,19.33295],[-99.13317,19.33268],[-99.13325,19.33423],[-99.13364,19.33501],[-99.13337,19.33511],[-99.1333,19.33514],[-99.13275,19.33548],[-99.13268,19.33632],[-99.13269,19.33667],[-99.13275,19.33698],[-99.13288,19.3373],[-99.13316,19.33742],[-99.13426,19.33761],[-99.13361,19.33818],[-99.1332,19.33892],[-99.13284,19.34016],[-99.13286,19.3403],[-99.13342,19.34047],[-99.13391,19.34063],[-99.13432,19.34074],[-99.13495,19.34082],[-99.13457,19.3419],[-99.1355,19.34231],[-99.13639,19.34269],[-99.13736,19.34311],[-99.13733,19.34387],[-99.13731,19.34454],[-99.13724,19.34528],[-99.13685,19.34689],[-99.13633,19.3488],[-99.13568,19.35131],[-99.13546,19.35232],[-99.13486,19.35443],[-99.13445,19.35594],[-99.1344,19.35655],[-99.13427,19.35654],[-99.13397,19.35653],[-99.13367,19.35655],[-99.13307,19.35674],[-99.13269,19.35692],[-99.13237,19.35712],[-99.13213,19.3573],[-99.13191,19.35752],[-99.13118,19.35866],[-99.13131,19.35862],[-99.13066,19.3597],[-99.13011,19.36061],[-99.1308,19.36067],[-99.13252,19.36083],[-99.13212,19.36285],[-99.13272,19.3629],[-99.13512,19.36319],[-99.13636,19.36335],[-99.13852,19.36363],[-99.13838,19.36429],[-99.13823,19.36491],[-99.13808,19.3655],[-99.13795,19.36609],[-99.13774,19.36721],[-99.13756,19.36801],[-99.13742,19.36862],[-99.13718,19.36962],[-99.13645,19.37287],[-99.13623,19.37385],[-99.13677,19.37394],[-99.13812,19.37422],[-99.1398,19.37457],[-99.14088,19.3748],[-99.14116,19.37289],[-99.14137,19.3714],[-99.14156,19.37013],[-99.14244,19.37075],[-99.14477,19.37156],[-99.14559,19.37182],[-99.14637,19.37206],[-99.14712,19.37233],[-99.14747,19.37253],[-99.14788,19.37266],[-99.14867,19.37282],[-99.1494,19.37299],[-99.15152,19.37323],[-99.15285,19.37338],[-99.15386,19.3735],[-99.15435,19.37356],[-99.15396,19.37505],[-99.15386,19.37518],[-99.15394,19.37541],[-99.15402,19.37544],[-99.15328,19.37931],[-99.15314,19.38014],[-99.15639,19.38066],[-99.15774,19.38087],[-99.15789,19.3809],[-99.15856,19.38104],[-99.15988,19.38132],[-99.16038,19.38309],[-99.16082,19.38451],[-99.1615,19.38704],[-99.16181,19.38763],[-99.1628,19.38875],[-99.16462,19.39084],[-99.1671,19.39366],[-99.16854,19.39537],[-99.16914,19.39606],[-99.16937,19.39645],[-99.16949,19.39673],[-99.1698,19.39811],[-99.17025,19.39983],[-99.17044,19.39979],[-99.17036,19.4002],[-99.17077,19.40184],[-99.17097,19.40275],[-99.17108,19.4035],[-99.17138,19.40422],[-99.17174,19.4058],[-99.17181,19.40623],[-99.17289,19.41025],[-99.17236,19.41144],[-99.17204,19.41218],[-99.17155,19.41331],[-99.17195,19.41345],[-99.17218,19.41342],[-99.17192,19.41377],[-99.17205,19.41412],[-99.17214,19.41464],[-99.17212,19.4149],[-99.17197,19.41537],[-99.1718,19.41562],[-99.17145,19.41593],[-99.17034,19.41628],[-99.17091,19.41892],[-99.17116,19.41984],[-99.17161,19.42174],[-99.1715,19.42177],[-99.17019,19.42206],[-99.16859,19.42245],[-99.16714,19.42278],[-99.16762,19.42371],[-99.16808,19.4246],[-99.16999,19.42369],[-99.17205,19.42272],[-99.17342,19.42208],[-99.17444,19.42159],[-99.17515,19.42255],[-99.17526,19.42275]]],[[[-98.96747,19.21181],[-98.96734,19.21156],[-98.96755,19.21109],[-98.96726,19.2115],[-98.96716,19.21165],[-98.96431,19.21324],[-98.96354,19.21304],[-98.96258,19.21413],[-98.96254,19.21413],[-98.95974,19.21387],[-98.96003,19.21441],[-98.95913,19.21467],[-98.95746,19.21514],[-98.95395,19.21465],[-98.95367,19.21544],[-98.95289,19.21527],[-98.95328,19.2155],[-98.95239,19.21625],[-98.95109,19.21818],[-98.94255,19.21561],[-98.9403,19.22324],[-98.94295,19.22408],[-98.94476,19.22462],[-98.94524,19.22491],[-98.94593,19.22497],[-98.94664,19.2252],[-98.94666,19.22515],[-98.94664,19.2252],[-98.95226,19.22699],[-98.95638,19.22831],[-98.96214,19.23015],[-98.96248,19.23027],[-98.96613,19.23143],[-98.96837,19.23215],[-98.96859,19.23222],[-98.96957,19.23254],[-98.97051,19.22951],[-98.97056,19.22953],[-98.97073,19.2291],[-98.97102,19.22822],[-98.97126,19.2275],[-98.97072,19.22691],[-98.97008,19.22633],[-98.96977,19.22608],[-98.96953,19.2259],[-98.96935,19.22576],[-98.9693,19.22571],[-98.96925,19.22564],[-98.96925,19.2256],[-98.96927,19.22545],[-98.96933,19.22488],[-98.96934,19.22487],[-98.96949,19.22479],[-98.96951,19.22478],[-98.96979,19.22445],[-98.96994,19.2241],[-98.97018,19.22294],[-98.97047,19.22278],[-98.97083,19.2224],[-98.97099,19.22232],[-98.97106,19.22228],[-98.97118,19.22236],[-98.9715,19.22256],[-98.97207,19.22125],[-98.9729,19.22147],[-98.97296,19.2213],[-98.97301,19.22116],[-98.97335,19.2212],[-98.97354,19.22122],[-98.9734,19.22163],[-98.97336,19.22167],[-98.97312,19.22178],[-98.9727,19.2223],[-98.97291,19.22235],[-98.97331,19.22243],[-98.97388,19.22249],[-98.97404,19.22254],[-98.97462,19.22275],[-98.97469,19.22256],[-98.97486,19.22216],[-98.97548,19.22248],[-98.97654,19.22302],[-98.9771,19.22204],[-98.9775,19.22133],[-98.97818,19.22211],[-98.97837,19.22232],[-98.97858,19.22255],[-98.97875,19.22224],[-98.97941,19.22098],[-98.98016,19.22137],[-98.98033,19.22146],[-98.98065,19.22085],[-98.98065,19.22083],[-98.97981,19.22038],[-98.98068,19.21855],[-98.98004,19.21792],[-98.97968,19.21757],[-98.97877,19.21664],[-98.97803,19.21613],[-98.97764,19.21586],[-98.9779,19.21508],[-98.97632,19.21481],[-98.97501,19.21459],[-98.97497,19.21459],[-98.97496,19.21459],[-98.97435,19.21444],[-98.97362,19.21408],[-98.97321,19.21366],[-98.97306,19.21345],[-98.97243,19.2127],[-98.97197,19.21233],[-98.9715,19.21197],[-98.9713,19.21186],[-98.97089,19.21235],[-98.97065,19.2128],[-98.9705,19.21315],[-98.97048,19.21312],[-98.97043,19.21302],[-98.97028,19.21288],[-98.97014,19.21281],[-98.97013,19.21279],[-98.97009,19.21271],[-98.97001,19.21263],[-98.96992,19.2126],[-98.96977,19.21292],[-98.96952,19.2129],[-98.96929,19.21287],[-98.96896,19.21279],[-98.96893,19.21277],[-98.96866,19.21261],[-98.96827,19.21224],[-98.9678,19.21212],[-98.96756,19.21196],[-98.96747,19.21182],[-98.96747,19.21181]]],[[[-99.1392,19.2928],[-99.1394,19.29162],[-99.1394,19.2916],[-99.13981,19.29162],[-99.13995,19.29256],[-99.14031,19.29292],[-99.14044,19.29427],[-99.14071,19.29549],[-99.14257,19.29563],[-99.14308,19.29565],[-99.14339,19.2955],[-99.14371,19.29518],[-99.14505,19.2948],[-99.14647,19.29513],[-99.14725,19.29337],[-99.14732,19.29326],[-99.14747,19.29302],[-99.14845,19.29203],[-99.14874,19.29181],[-99.14881,19.29177],[-99.14978,19.29114],[-99.15149,19.29011],[-99.15007,19.28833],[-99.14903,19.287],[-99.14838,19.2862],[-99.14701,19.28504],[-99.14651,19.2847],[-99.14575,19.28426],[-99.14472,19.28377],[-99.14298,19.28306],[-99.14194,19.28274],[-99.14106,19.28253],[-99.1409,19.2825],[-99.1389,19.28224],[-99.13855,19.28223],[-99.13657,19.28595],[-99.13516,19.28543],[-99.13494,19.28538],[-99.13371,19.28634],[-99.13358,19.28683],[-99.13357,19.28693],[-99.136,19.28713],[-99.13538,19.28843],[-99.13529,19.28888],[-99.13559,19.29127],[-99.13586,19.29167],[-99.13597,19.29261],[-99.13744,19.29268],[-99.1392,19.2928]]],[[[-98.97815,19.21507],[-98.98239,19.21864],[-98.98437,19.2203],[-98.98572,19.22143],[-98.98823,19.2237],[-98.99056,19.22578],[-98.99107,19.22559],[-98.99124,19.22479],[-98.99163,19.22482],[-98.99187,19.22484],[-98.99161,19.22611],[-98.99091,19.22886],[-98.99042,19.23076],[-98.98772,19.22754],[-98.9869,19.22654],[-98.98575,19.2295],[-98.98509,19.22878],[-98.98475,19.22954],[-98.98464,19.22978],[-98.98454,19.22975],[-98.98438,19.22969],[-98.9837,19.22948],[-98.98343,19.22939],[-98.98335,19.22936],[-98.98273,19.2305],[-98.98499,19.23131],[-98.98959,19.23314],[-98.99004,19.2333],[-98.99055,19.23349],[-98.99118,19.23388],[-98.99158,19.23419],[-98.99178,19.23442],[-98.99263,19.23556],[-98.99293,19.23594],[-98.99388,19.2351],[-98.99479,19.23595],[-98.99508,19.23613],[-98.99609,19.23687],[-98.99717,19.238],[-98.99802,19.23923],[-98.99807,19.23932],[-98.99829,19.23976],[-98.99865,19.24016],[-98.99975,19.24158],[-99.00055,19.24247],[-99.00061,19.24254],[-99.00111,19.24312],[-99.00346,19.24582],[-99.0037,19.24522],[-99.00388,19.24481],[-99.00442,19.24419],[-99.00462,19.2434],[-99.00504,19.24257],[-99.00516,19.24242],[-99.00533,19.24233],[-99.00602,19.24176],[-99.00658,19.24126],[-99.00688,19.24086],[-99.00708,19.24081],[-99.0072,19.24055],[-99.00792,19.24065],[-99.00806,19.23945],[-99.00837,19.239],[-99.00866,19.2384],[-99.00874,19.23824],[-99.00881,19.2377],[-99.00884,19.23751],[-99.00884,19.23737],[-99.00877,19.23728],[-99.00902,19.23678],[-99.00903,19.23676],[-99.00928,19.23659],[-99.00939,19.23652],[-99.00966,19.23653],[-99.00978,19.23643],[-99.0099,19.23632],[-99.01035,19.23591],[-99.0098,19.23568],[-99.00961,19.23561],[-99.0096,19.2356],[-99.00956,19.23558],[-99.00946,19.23534],[-99.00939,19.23523],[-99.0094,19.23519],[-99.00958,19.23496],[-99.0096,19.23486],[-99.00955,19.23481],[-99.00938,19.23475],[-99.00946,19.23442],[-99.00916,19.23434],[-99.00924,19.23422],[-99.00932,19.23409],[-99.00938,19.234],[-99.00942,19.23395],[-99.00957,19.23374],[-99.00961,19.23369],[-99.00957,19.23354],[-99.00953,19.23351],[-99.00938,19.23343],[-99.0093,19.23338],[-99.00925,19.23336],[-99.00919,19.23332],[-99.00901,19.23322],[-99.00884,19.23257],[-99.00881,19.23228],[-99.00882,19.23213],[-99.00883,19.23207],[-99.00882,19.23205],[-99.00881,19.23204],[-99.00876,19.23198],[-99.0087,19.23186],[-99.00868,19.23184],[-99.00866,19.23182],[-99.0085,19.23179],[-99.00848,19.23178],[-99.00832,19.23177],[-99.00822,19.23176],[-99.00812,19.23175],[-99.00806,19.23175],[-99.00795,19.23174],[-99.00756,19.23168],[-99.00741,19.23161],[-99.00733,19.23158],[-99.00749,19.2313],[-99.00768,19.231],[-99.0077,19.23097],[-99.00779,19.23076],[-99.0073,19.23062],[-99.00684,19.23048],[-99.00728,19.22961],[-99.0074,19.22958],[-99.00753,19.22954],[-99.0077,19.2294],[-99.00821,19.22908],[-99.0086,19.22864],[-99.00787,19.2278],[-99.00707,19.22758],[-99.00677,19.22808],[-99.00608,19.22798],[-99.00634,19.22725],[-99.00651,19.22695],[-99.00662,19.22661],[-99.00636,19.22664],[-99.00629,19.22664],[-99.00607,19.22665],[-99.00561,19.22683],[-99.0056,19.22695],[-99.00542,19.22792],[-99.00542,19.22796],[-99.00542,19.22803],[-99.00541,19.2281],[-99.00537,19.22819],[-99.00534,19.22821],[-99.0053,19.22824],[-99.00522,19.22828],[-99.0052,19.22829],[-99.00519,19.22829],[-99.00513,19.2283],[-99.00512,19.2283],[-99.00501,19.2283],[-99.00491,19.22823],[-99.00488,19.2282],[-99.00474,19.22808],[-99.00473,19.22808],[-99.00471,19.22806],[-99.00464,19.22804],[-99.00462,19.22804],[-99.00457,19.22804],[-99.00299,19.22757],[-98.99985,19.22678],[-98.99967,19.22728],[-98.99902,19.22736],[-98.99886,19.2277],[-98.99718,19.22747],[-98.99723,19.22731],[-98.99746,19.22649],[-98.99638,19.22613],[-98.99636,19.22526],[-98.99579,19.22504],[-98.99542,19.22643],[-98.99526,19.22751],[-98.99439,19.22745],[-98.9942,19.22743],[-98.99367,19.22728],[-98.99361,19.22709],[-98.9935,19.2265],[-98.99326,19.22494],[-98.99327,19.22439],[-98.99312,19.22356],[-98.993,19.22278],[-98.99302,19.22165],[-98.99307,19.22052],[-98.99316,19.21762],[-98.99399,19.21765],[-98.994,19.217],[-98.99315,19.21699],[-98.99135,19.21694],[-98.98991,19.2169],[-98.98856,19.21681],[-98.98605,19.21637],[-98.98374,19.21601],[-98.98311,19.21591],[-98.9828,19.21557],[-98.98154,19.2154],[-98.98132,19.2156],[-98.97948,19.21533],[-98.97836,19.21511],[-98.97815,19.21507]]],[[[-99.05987,19.30444],[-99.05793,19.30374],[-99.05604,19.30307],[-99.05414,19.30239],[-99.0538,19.30224],[-99.05352,19.30211],[-99.05228,19.30155],[-99.05161,19.30242],[-99.04999,19.30443],[-99.04845,19.30329],[-99.04691,19.30212],[-99.04367,19.30617],[-99.04339,19.30649],[-99.04396,19.307],[-99.04444,19.30769],[-99.04466,19.30869],[-99.04472,19.30931],[-99.04475,19.30983],[-99.04484,19.31074],[-99.04487,19.31145],[-99.04492,19.31237],[-99.04493,19.31286],[-99.04523,19.31337],[-99.04659,19.31169],[-99.04686,19.31188],[-99.0474,19.31227],[-99.04751,19.31235],[-99.04812,19.31278],[-99.04886,19.31189],[-99.05024,19.31294],[-99.05089,19.31245],[-99.05247,19.31048],[-99.05401,19.31161],[-99.05411,19.31148],[-99.05457,19.31094],[-99.0558,19.30946],[-99.05693,19.30803],[-99.05939,19.30503],[-99.05987,19.30444]]],[[[-98.96344,19.31431],[-98.96299,19.31662],[-98.96256,19.31725],[-98.95916,19.32166],[-98.9579,19.32323],[-98.96045,19.32537],[-98.96529,19.32943],[-98.96811,19.3318],[-98.96838,19.33203],[-98.96871,19.33172],[-98.96917,19.33135],[-98.97019,19.33161],[-98.97057,19.33111],[-98.97066,19.33075],[-98.97093,19.32993],[-98.97066,19.32983],[-98.97023,19.32983],[-98.97033,19.32878],[-98.97035,19.32843],[-98.97136,19.32851],[-98.97251,19.32865],[-98.97253,19.32852],[-98.96973,19.32542],[-98.96919,19.32491],[-98.96905,19.32475],[-98.96931,19.32478],[-98.96974,19.32484],[-98.96931,19.32478],[-98.96896,19.32474],[-98.96831,19.32567],[-98.9683,19.32569],[-98.96828,19.32572],[-98.96635,19.32567],[-98.96525,19.32122],[-98.96457,19.31847],[-98.96442,19.3178],[-98.96405,19.31631],[-98.9636,19.31461],[-98.96344,19.31431]]],[[[-98.96867,19.31871],[-98.96871,19.31925],[-98.96862,19.31973],[-98.96855,19.32003],[-98.9685,19.32027],[-98.96868,19.32034],[-98.96905,19.32047],[-98.97023,19.32069],[-98.97035,19.32058],[-98.9704,19.32054],[-98.97049,19.32036],[-98.97058,19.31964],[-98.97051,19.31955],[-98.96867,19.31871]]]]},"properties":{"zona":"transicion"}}
]}